,Country_Name,Gold,Silver,Bronze,Total_Medals,Year,Cumulative,Gold_Cumulative,Silver_Cumulative,Bronze_Cumulative
0,United States,11,7,2,20,1896-01-01,20,11,7,2
10,Mixed team,1,0,1,2,1896-01-01,2,1,0,1
8,Denmark,1,2,3,6,1896-01-01,6,1,2,3
7,Australia,2,0,0,2,1896-01-01,2,2,0,0
6,Austria,2,1,2,5,1896-01-01,5,2,1,2
9,Switzerland,1,2,0,3,1896-01-01,3,1,2,0
4,Great Britain,2,3,2,7,1896-01-01,7,2,3,2
3,France,5,4,2,11,1896-01-01,11,5,4,2
2,Germany,6,5,2,13,1896-01-01,13,6,5,2
1,Greece,10,18,19,47,1896-01-01,47,10,18,19
5,Hungary,2,1,3,6,1896-01-01,6,2,1,3
22,Cuba,1,1,0,2,1900-01-01,2,1,1,0
29,Sweden,0,0,1,1,1900-01-01,1,0,0,1
28,Australia,0,0,3,3,1900-01-01,5,2,0,3
27,Bohemia,0,1,1,2,1900-01-01,2,0,1,1
26,India,0,2,0,2,1900-01-01,2,0,2,0
25,Norway,0,2,3,5,1900-01-01,5,0,2,3
24,Austria,0,3,3,6,1900-01-01,11,2,4,5
23,Spain,1,0,0,1,1900-01-01,1,1,0,0
21,Hungary,1,2,2,5,1900-01-01,11,3,3,5
16,Germany,4,3,2,9,1900-01-01,22,10,8,4
19,Mixed team,1,2,3,6,1900-01-01,8,2,2,4
18,Denmark,1,3,2,6,1900-01-01,12,2,5,5
17,Italy,3,2,0,5,1900-01-01,5,3,2,0
15,Switzerland,6,3,1,10,1900-01-01,13,7,5,1
14,Belgium,6,7,5,18,1900-01-01,18,6,7,5
13,Great Britain,20,9,9,38,1900-01-01,45,22,12,11
12,United States,20,13,15,48,1900-01-01,68,31,20,17
11,France,31,40,40,111,1900-01-01,122,36,44,42
20,Netherlands,1,2,3,6,1900-01-01,6,1,2,3
35,Great Britain,1,1,0,2,1904-01-01,47,23,13,11
37,Mixed team,1,0,0,1,1904-01-01,9,3,2,4
36,Greece,1,0,1,2,1904-01-01,49,11,18,20
34,Hungary,2,1,1,4,1904-01-01,15,5,4,6
32,Canada,4,1,1,6,1904-01-01,6,4,1,1
31,Germany,5,4,5,14,1904-01-01,36,15,12,9
30,United States,80,85,83,248,1904-01-01,316,111,105,100
33,Cuba,3,0,0,3,1904-01-01,5,4,1,0
50,Finland,1,1,3,5,1908-01-01,5,1,1,3
56,Austria,0,0,1,1,1908-01-01,12,2,4,6
55,Netherlands,0,0,2,2,1908-01-01,8,1,2,5
54,Bohemia,0,0,2,2,1908-01-01,4,0,1,3
53,Denmark,0,2,3,5,1908-01-01,17,2,7,8
52,Greece,0,3,1,4,1908-01-01,53,11,21,21
51,South Africa,1,1,0,2,1908-01-01,2,1,1,0
49,Russian Federation,1,2,0,3,1908-01-01,3,1,2,0
48,Australasia,1,2,2,5,1908-01-01,5,1,2,2
47,Belgium,1,5,2,8,1908-01-01,26,7,12,7
46,Italy,2,2,0,4,1908-01-01,9,5,4,0
45,Norway,2,3,3,8,1908-01-01,13,2,5,6
44,Canada,3,3,10,16,1908-01-01,22,7,4,11
43,Hungary,3,4,2,9,1908-01-01,24,8,8,8
42,Germany,3,5,5,13,1908-01-01,49,18,17,14
41,France,5,5,9,19,1908-01-01,141,41,49,51
40,Sweden,8,6,11,25,1908-01-01,26,8,6,12
39,United States,23,12,12,47,1908-01-01,363,134,117,112
38,Great Britain,56,51,39,146,1908-01-01,193,79,64,50
69,Belgium,2,1,3,6,1912-01-01,32,9,13,10
70,Denmark,1,6,5,12,1912-01-01,29,3,13,13
71,Greece,1,0,1,2,1912-01-01,55,12,21,22
68,Australasia,2,2,3,7,1912-01-01,12,3,4,5
73,Russian Federation,0,2,3,5,1912-01-01,8,1,4,3
74,Austria,0,2,2,4,1912-01-01,16,2,6,8
75,Netherlands,0,0,3,3,1912-01-01,11,1,2,8
72,Switzerland,1,0,0,1,1912-01-01,14,8,5,1
67,Hungary,3,2,3,8,1912-01-01,32,11,10,11
58,Sweden,23,25,17,65,1912-01-01,91,31,31,29
65,Norway,3,2,5,10,1912-01-01,23,5,7,11
64,South Africa,4,2,0,6,1912-01-01,8,5,3,0
63,Italy,5,1,2,8,1912-01-01,17,10,5,2
62,Germany,6,13,7,26,1912-01-01,75,24,30,21
61,France,7,5,3,15,1912-01-01,156,48,54,54
60,Finland,9,8,9,26,1912-01-01,31,10,9,12
59,Great Britain,10,15,16,41,1912-01-01,234,89,79,66
57,United States,26,19,19,64,1912-01-01,427,160,136,131
66,Canada,3,2,3,8,1912-01-01,30,10,6,14
89,Estonia,1,2,0,3,1920-01-01,3,1,2,0
90,Brazil,1,1,1,3,1920-01-01,3,1,1,1
91,Australia,0,2,1,3,1920-01-01,8,2,2,4
96,Czechoslovakia,0,0,2,2,1920-01-01,2,0,0,2
94,Greece,0,1,0,1,1920-01-01,56,12,22,22
95,Luxembourg,0,1,0,1,1920-01-01,1,0,1,0
88,Switzerland,2,2,7,11,1920-01-01,25,10,7,8
97,New Zealand,0,0,1,1,1920-01-01,1,0,0,1
93,Spain,0,2,0,2,1920-01-01,3,1,2,0
87,Canada,3,3,3,9,1920-01-01,39,13,9,17
92,Japan,0,2,0,2,1920-01-01,2,0,2,0
85,Denmark,3,9,1,13,1920-01-01,42,6,22,14
86,South Africa,3,4,3,10,1920-01-01,18,8,7,3
77,Sweden,19,20,25,64,1920-01-01,155,50,51,54
78,Belgium,16,12,14,42,1920-01-01,74,25,25,24
79,Finland,15,10,9,34,1920-01-01,65,25,19,21
76,United States,41,27,27,95,1920-01-01,522,201,163,158
81,Italy,14,6,5,25,1920-01-01,42,24,11,7
82,Norway,13,10,9,32,1920-01-01,55,18,17,20
83,France,9,20,13,42,1920-01-01,198,57,74,67
84,Netherlands,4,2,5,11,1920-01-01,22,5,4,13
80,Great Britain,14,16,13,43,1920-01-01,277,103,95,79
128,Romania,0,0,1,1,1924-01-01,1,0,0,1
121,Ireland,0,1,1,2,1924-01-01,2,0,1,1
122,Poland,0,1,1,2,1924-01-01,2,0,1,1
123,Haiti,0,0,1,1,1924-01-01,1,0,0,1
124,Japan,0,0,1,1,1924-01-01,3,0,2,1
125,Monaco,0,0,1,1,1924-01-01,1,0,0,1
126,New Zealand,0,0,1,1,1924-01-01,2,0,0,2
127,Portugal,0,0,1,1,1924-01-01,1,0,0,1
1344,Finland,4,4,3,11,1924-01-01,76,29,23,24
1349,Sweden,1,1,0,2,1924-01-01,157,51,52,54
1352,France,0,0,3,3,1924-01-01,201,57,74,70
1351,Mixed team,1,0,0,1,1924-01-01,10,4,2,4
1350,Canada,1,0,0,1,1924-01-01,40,14,9,17
1348,Great Britain,1,1,2,4,1924-01-01,281,104,96,81
1347,United States,1,2,1,4,1924-01-01,526,202,165,159
1346,Switzerland,2,0,1,3,1924-01-01,28,12,7,9
1345,Austria,2,1,0,3,1924-01-01,19,4,7,8
120,Canada,0,3,1,4,1924-01-01,44,14,12,18
1353,Belgium,0,0,1,1,1924-01-01,75,25,25,25
119,Austria,0,3,1,4,1924-01-01,23,4,10,9
1343,Norway,4,7,6,17,1924-01-01,72,22,24,26
117,Greece,1,0,0,1,1924-01-01,57,13,22,22
100,Finland,14,13,10,37,1924-01-01,113,43,36,34
101,Great Britain,9,14,12,35,1924-01-01,316,113,110,93
102,Italy,8,3,5,16,1924-01-01,58,32,14,12
103,Switzerland,7,8,10,25,1924-01-01,53,19,15,19
104,Norway,5,2,3,10,1924-01-01,82,27,26,29
105,Sweden,4,13,12,29,1924-01-01,186,55,65,66
106,Netherlands,4,1,6,11,1924-01-01,33,9,5,19
107,Belgium,3,7,3,13,1924-01-01,88,28,32,28
118,Uruguay,1,0,0,1,1924-01-01,1,1,0,0
99,France,14,15,12,41,1924-01-01,242,71,89,82
98,United States,45,27,27,99,1924-01-01,625,247,192,186
108,Australia,3,1,2,6,1924-01-01,14,5,3,6
109,Denmark,2,6,3,11,1924-01-01,53,8,28,17
116,Luxembourg,1,1,0,2,1924-01-01,3,1,2,0
115,South Africa,1,1,1,3,1924-01-01,21,9,8,4
114,Estonia,1,1,4,6,1924-01-01,9,2,3,4
113,Argentina,1,3,2,6,1924-01-01,6,1,3,2
112,Czechoslovakia,1,4,5,10,1924-01-01,12,1,4,7
111,Yugoslavia,2,0,0,2,1924-01-01,2,2,0,0
110,Hungary,2,4,4,10,1924-01-01,42,13,14,15
160,Haiti,0,1,0,1,1928-01-01,2,0,1,1
161,Philippines,0,0,1,1,1928-01-01,1,0,0,1
162,Portugal,0,0,1,1,1928-01-01,2,0,0,2
129,United States,22,18,16,56,1928-01-01,681,269,210,202
130,Germany,11,9,19,39,1928-01-01,114,35,39,40
1354,Norway,6,4,5,15,1928-01-01,97,33,30,34
1355,Sweden,2,2,1,5,1928-01-01,191,57,67,67
1356,Finland,2,1,1,4,1928-01-01,117,45,37,35
1357,United States,1,1,2,4,1928-01-01,685,270,211,204
1358,Canada,1,0,0,1,1928-01-01,45,15,12,18
1359,France,1,0,0,1,1928-01-01,243,72,89,82
1360,Austria,0,3,1,4,1928-01-01,27,4,13,10
1361,Belgium,0,0,1,1,1928-01-01,89,28,32,29
1362,Czechoslovakia,0,0,1,1,1928-01-01,13,1,4,8
1363,Germany,0,0,1,1,1928-01-01,115,35,39,41
1364,Switzerland,0,0,1,1,1928-01-01,54,19,15,20
159,Chile,0,1,0,1,1928-01-01,1,0,1,0
158,Belgium,0,1,2,3,1928-01-01,92,28,33,31
131,Netherlands,8,10,5,23,1928-01-01,56,17,15,24
156,Spain,1,0,0,1,1928-01-01,4,2,2,0
133,France,7,12,6,25,1928-01-01,268,79,101,88
134,Sweden,7,6,12,25,1928-01-01,216,64,73,79
135,Italy,7,6,7,20,1928-01-01,78,39,20,19
136,Switzerland,7,6,4,17,1928-01-01,71,26,21,24
137,Hungary,5,5,0,10,1928-01-01,52,18,19,15
138,Great Britain,4,11,7,22,1928-01-01,338,117,121,100
139,Canada,4,4,7,15,1928-01-01,60,19,16,25
140,Argentina,3,3,1,7,1928-01-01,13,4,6,3
141,Denmark,3,2,4,9,1928-01-01,62,11,30,21
142,Austria,3,0,1,4,1928-01-01,31,7,13,11
143,Czechoslovakia,2,5,2,9,1928-01-01,22,3,9,10
144,Japan,2,2,1,5,1928-01-01,8,2,4,2
145,Poland,2,1,4,7,1928-01-01,9,2,2,5
146,Estonia,2,1,2,5,1928-01-01,14,4,4,6
157,Uruguay,1,0,0,1,1928-01-01,2,2,0,0
147,Egypt,2,1,1,4,1928-01-01,4,2,1,1
148,Australia,1,2,1,4,1928-01-01,18,6,5,7
149,Norway,1,2,1,4,1928-01-01,101,34,32,35
150,Yugoslavia,1,1,3,5,1928-01-01,7,3,1,3
132,Finland,8,8,9,25,1928-01-01,142,53,45,44
151,South Africa,1,0,2,3,1928-01-01,24,10,8,6
152,India,1,0,0,1,1928-01-01,3,1,2,0
154,Luxembourg,1,0,0,1,1928-01-01,4,2,2,0
155,New Zealand,1,0,0,1,1928-01-01,3,1,0,2
153,Ireland,1,0,0,1,1928-01-01,3,1,1,1
175,Canada,2,5,9,16,1932-01-01,76,21,21,34
177,South Africa,2,0,3,5,1932-01-01,29,12,8,9
178,Ireland,2,0,0,2,1932-01-01,5,3,1,1
1365,United States,6,4,2,12,1932-01-01,697,276,215,206
1366,Norway,3,4,3,10,1932-01-01,111,37,36,38
1367,Sweden,1,2,0,3,1932-01-01,219,65,75,79
1368,Canada,1,1,5,7,1932-01-01,83,22,22,39
1369,Finland,1,1,1,3,1932-01-01,145,54,46,45
182,Denmark,0,5,3,8,1932-01-01,70,11,35,24
1370,Austria,1,1,0,2,1932-01-01,33,8,14,11
1371,France,1,0,0,1,1932-01-01,269,80,101,88
1372,Switzerland,0,1,0,1,1932-01-01,72,26,22,24
180,Austria,1,1,3,5,1932-01-01,38,9,15,14
1373,Germany,0,0,2,2,1932-01-01,117,35,39,43
1374,Hungary,0,0,1,1,1932-01-01,53,18,19,16
181,India,1,0,0,1,1932-01-01,4,2,2,0
179,Czechoslovakia,1,3,2,6,1932-01-01,28,4,12,12
174,Argentina,3,1,0,4,1932-01-01,17,7,7,3
173,Australia,3,1,1,5,1932-01-01,23,9,6,8
176,Netherlands,2,5,1,8,1932-01-01,64,19,20,25
171,Great Britain,5,7,5,17,1932-01-01,355,122,128,105
183,Mexico,0,2,0,2,1932-01-01,2,0,2,0
184,Latvia,0,1,0,1,1932-01-01,1,0,1,0
185,New Zealand,0,1,0,1,1932-01-01,4,1,1,2
172,Poland,3,2,4,9,1932-01-01,18,5,4,9
187,Philippines,0,0,3,3,1932-01-01,4,0,0,4
188,Belgium,0,0,1,1,1932-01-01,93,28,33,32
189,Spain,0,0,1,1,1932-01-01,5,2,2,1
190,Uruguay,0,0,1,1,1932-01-01,3,2,0,1
186,Switzerland,0,1,0,1,1932-01-01,73,26,23,24
164,Italy,12,12,12,36,1932-01-01,114,51,32,31
165,France,11,5,4,20,1932-01-01,289,91,106,92
166,Sweden,10,5,9,24,1932-01-01,243,75,80,88
167,Japan,7,7,4,18,1932-01-01,26,9,11,6
168,Hungary,6,5,5,16,1932-01-01,69,24,24,21
169,Germany,5,12,7,24,1932-01-01,141,40,51,50
170,Finland,5,8,12,25,1932-01-01,170,59,54,57
163,United States,44,36,30,110,1932-01-01,807,320,251,236
1383,Canada,0,1,0,1,1936-01-01,84,22,23,39
1384,France,0,0,1,1,1936-01-01,290,91,106,93
1382,United States,1,0,3,4,1936-01-01,811,321,251,239
1381,Great Britain,1,1,1,3,1936-01-01,358,123,129,106
1378,Finland,1,2,3,6,1936-01-01,176,60,56,60
1379,Switzerland,1,2,0,3,1936-01-01,76,27,25,24
1377,Sweden,2,2,3,7,1936-01-01,250,77,82,91
1376,Germany,3,3,0,6,1936-01-01,147,43,54,50
1375,Norway,7,5,3,15,1936-01-01,126,44,41,41
1380,Austria,1,1,2,4,1936-01-01,42,10,16,16
1385,Hungary,0,0,1,1,1936-01-01,70,24,24,22
218,Belgium,0,0,3,3,1936-01-01,96,28,33,35
210,India,1,0,0,1,1936-01-01,5,3,2,0
203,Czechoslovakia,3,5,1,9,1936-01-01,37,7,17,13
204,Argentina,2,2,3,7,1936-01-01,24,9,9,6
205,Estonia,2,2,3,7,1936-01-01,21,6,6,9
206,Egypt,2,1,2,5,1936-01-01,9,4,2,3
207,Canada,1,3,5,9,1936-01-01,93,23,26,44
208,Norway,1,3,2,6,1936-01-01,132,45,44,43
209,Türkiye,1,0,1,2,1936-01-01,2,1,0,1
200,Austria,5,7,5,17,1936-01-01,59,15,23,21
211,New Zealand,1,0,0,1,1936-01-01,5,2,1,2
212,Poland,0,4,5,9,1936-01-01,27,5,8,14
213,Denmark,0,2,3,5,1936-01-01,75,11,37,27
214,Latvia,0,1,1,2,1936-01-01,3,0,2,1
215,Romania,0,1,0,1,1936-01-01,2,0,1,1
202,Great Britain,4,7,3,14,1936-01-01,372,127,136,109
216,South Africa,0,1,0,1,1936-01-01,30,12,9,9
219,Mexico,0,0,3,3,1936-01-01,5,0,2,3
220,Australia,0,0,1,1,1936-01-01,24,9,6,9
221,Philippines,0,0,1,1,1936-01-01,5,0,0,5
222,Portugal,0,0,1,1,1936-01-01,3,0,0,3
199,Netherlands,6,4,7,17,1936-01-01,81,25,24,32
198,Japan,6,4,10,20,1936-01-01,46,15,15,16
197,Sweden,6,5,10,21,1936-01-01,271,83,87,101
196,France,7,6,6,19,1936-01-01,309,98,112,99
195,Finland,8,6,6,20,1936-01-01,196,68,62,66
194,Italy,9,13,5,27,1936-01-01,141,60,45,36
193,Hungary,10,1,5,16,1936-01-01,86,34,25,27
192,United States,24,21,12,57,1936-01-01,868,345,272,251
191,Germany,38,31,32,101,1936-01-01,248,81,85,82
217,Yugoslavia,0,1,0,1,1936-01-01,8,3,2,3
201,Switzerland,4,9,5,18,1936-01-01,94,31,34,29
1387,Sweden,4,3,3,10,1948-01-01,281,87,90,104
1397,Great Britain,0,0,1,1,1948-01-01,373,127,136,110
1396,Hungary,0,1,0,1,1948-01-01,87,34,26,27
1395,Czechoslovakia,0,1,0,1,1948-01-01,38,7,18,13
1394,Belgium,1,1,0,2,1948-01-01,98,29,34,35
1393,Finland,1,3,2,6,1948-01-01,202,69,65,68
1392,Austria,1,3,4,8,1948-01-01,67,16,26,25
1390,France,2,1,2,5,1948-01-01,314,100,113,101
1389,United States,3,3,2,8,1948-01-01,876,348,275,253
1388,Switzerland,3,4,3,10,1948-01-01,104,34,38,32
1386,Norway,4,3,3,10,1948-01-01,142,49,47,46
1391,Canada,2,0,1,3,1948-01-01,96,25,26,45
257,Brazil,0,0,1,1,1948-01-01,4,1,1,2
249,Portugal,0,1,1,2,1948-01-01,5,0,1,4
236,Australia,2,6,5,13,1948-01-01,37,11,12,14
237,Austria,2,2,4,8,1948-01-01,75,18,28,29
238,Belgium,2,2,3,7,1948-01-01,105,31,36,38
239,South Africa,2,2,2,6,1948-01-01,36,14,11,11
240,Egypt,2,2,1,5,1948-01-01,14,6,4,4
241,Mexico,2,1,2,5,1948-01-01,10,2,3,5
242,Norway,1,3,3,7,1948-01-01,149,50,50,49
243,Jamaica,1,2,0,3,1948-01-01,3,1,2,0
244,Poland,1,0,1,2,1948-01-01,29,6,8,15
245,India,1,0,0,1,1948-01-01,6,4,2,0
246,Peru,1,0,0,1,1948-01-01,1,1,0,0
247,Canada,0,2,2,4,1948-01-01,100,25,28,47
248,Yugoslavia,0,2,0,2,1948-01-01,10,3,4,3
260,Puerto Rico,0,0,1,1,1948-01-01,1,0,0,1
259,Islamic Republic of Iran,0,0,1,1,1948-01-01,1,0,0,1
258,Ireland,0,0,1,1,1948-01-01,6,3,1,2
250,Uruguay,0,1,1,2,1948-01-01,5,2,1,2
256,Republic of Korea,0,0,2,2,1948-01-01,2,0,0,2
255,Panama,0,0,2,2,1948-01-01,2,0,0,2
254,Trinidad and Tobago,0,1,0,1,1948-01-01,1,0,1,0
253,Sri Lanka,0,1,0,1,1948-01-01,1,0,1,0
235,Argentina,3,3,1,7,1948-01-01,31,12,12,7
252,Spain,0,1,0,1,1948-01-01,6,2,3,1
234,Great Britain,4,16,7,27,1948-01-01,400,131,152,117
232,Denmark,5,8,9,22,1948-01-01,97,16,45,36
233,Netherlands,5,2,9,16,1948-01-01,97,30,26,41
223,United States,38,27,19,84,1948-01-01,960,386,302,272
224,Sweden,17,11,18,46,1948-01-01,327,104,101,122
225,France,11,6,15,32,1948-01-01,346,111,119,116
226,Finland,10,8,6,24,1948-01-01,226,79,73,74
251,Cuba,0,1,0,1,1948-01-01,6,4,2,0
228,Italy,9,12,10,31,1948-01-01,172,69,57,46
229,Türkiye,6,4,2,12,1948-01-01,14,7,4,3
230,Czechoslovakia,6,2,3,11,1948-01-01,49,13,20,16
231,Switzerland,5,12,6,23,1948-01-01,127,39,50,38
227,Hungary,10,5,13,28,1948-01-01,115,44,31,40
1410,Hungary,0,0,1,1,1952-01-01,116,44,31,41
1409,France,0,0,1,1,1952-01-01,347,111,119,117
1408,Switzerland,0,0,2,2,1952-01-01,129,39,50,40
1407,Sweden,0,0,4,4,1952-01-01,331,104,101,126
1406,Netherlands,0,3,0,3,1952-01-01,100,30,29,41
1405,Great Britain,1,0,0,1,1952-01-01,401,132,152,117
1403,Canada,1,0,1,2,1952-01-01,102,26,28,48
278,Great Britain,1,2,8,11,1952-01-01,412,133,154,125
1402,Austria,2,4,2,8,1952-01-01,83,20,32,31
1401,Germany,3,2,2,7,1952-01-01,255,84,87,84
1399,United States,4,6,1,11,1952-01-01,971,390,308,273
1398,Norway,7,3,6,16,1952-01-01,165,57,53,55
1404,Italy,1,0,1,2,1952-01-01,174,70,57,47
1400,Finland,3,4,2,9,1952-01-01,235,82,77,76
279,Argentina,1,2,2,5,1952-01-01,36,13,14,9
261,United States,40,19,17,76,1952-01-01,1047,430,327,290
297,Republic of Korea,0,0,2,2,1952-01-01,4,0,0,4
296,Spain,0,1,0,1,1952-01-01,7,2,4,1
295,Mexico,0,1,0,1,1952-01-01,11,2,4,5
294,Ireland,0,1,0,1,1952-01-01,7,3,2,2
292,Austria,0,1,1,2,1952-01-01,85,20,33,32
291,Chile,0,2,0,2,1952-01-01,3,0,3,0
290,Islamic Republic of Iran,0,3,4,7,1952-01-01,8,0,3,5
289,Netherlands,0,5,0,5,1952-01-01,105,30,34,41
288,Germany,0,7,17,24,1952-01-01,279,84,94,101
287,Luxembourg,1,0,0,1,1952-01-01,5,3,2,0
286,India,1,0,1,2,1952-01-01,8,5,2,1
285,New Zealand,1,0,2,3,1952-01-01,8,3,1,4
284,Brazil,1,0,2,3,1952-01-01,7,2,1,4
283,Romania,1,1,2,4,1952-01-01,6,1,2,3
282,Yugoslavia,1,2,0,3,1952-01-01,13,4,6,3
281,Canada,1,2,0,3,1952-01-01,105,27,30,48
280,Poland,1,2,1,4,1952-01-01,33,7,10,16
298,Trinidad and Tobago,0,0,2,2,1952-01-01,3,0,1,2
299,Uruguay,0,0,2,2,1952-01-01,7,2,1,4
293,Lebanon,0,1,1,2,1952-01-01,2,0,1,1
301,Egypt,0,0,1,1,1952-01-01,15,6,4,5
262,Soviet Union,22,30,19,71,1952-01-01,71,22,30,19
263,Hungary,16,10,16,42,1952-01-01,158,60,41,57
300,Bulgaria,0,0,1,1,1952-01-01,1,0,0,1
265,Italy,8,9,4,21,1952-01-01,195,78,66,51
266,Czechoslovakia,7,3,3,13,1952-01-01,62,20,23,19
267,France,6,6,6,18,1952-01-01,365,117,125,123
268,Finland,6,3,13,22,1952-01-01,257,88,80,89
269,Australia,6,2,3,11,1952-01-01,48,17,14,17
270,Norway,3,2,0,5,1952-01-01,170,60,55,55
264,Sweden,12,13,10,35,1952-01-01,366,116,114,136
273,Jamaica,2,3,0,5,1952-01-01,8,3,5,0
272,South Africa,2,4,4,10,1952-01-01,46,16,15,15
302,Portugal,0,0,1,1,1952-01-01,6,0,1,5
303,Venezuela,0,0,1,1,1952-01-01,1,0,0,1
277,Japan,1,6,2,9,1952-01-01,55,16,21,18
271,Switzerland,2,6,6,14,1952-01-01,143,41,56,46
275,Denmark,2,1,3,6,1952-01-01,103,18,46,39
274,Belgium,2,2,0,4,1952-01-01,109,33,38,38
276,Türkiye,2,0,1,3,1952-01-01,17,9,4,4
1423,Poland,0,0,1,1,1956-01-01,34,7,10,17
1411,Soviet Union,7,3,6,16,1956-01-01,87,29,33,25
1412,Austria,4,3,4,11,1956-01-01,96,24,36,36
1414,Switzerland,3,2,1,6,1956-01-01,149,44,58,47
1415,Sweden,2,4,4,10,1956-01-01,376,118,118,140
1416,United States,2,3,2,7,1956-01-01,1054,432,330,292
1417,Norway,2,1,1,4,1956-01-01,174,62,56,56
1418,Italy,1,2,0,3,1956-01-01,198,79,68,51
1419,Germany,1,0,1,2,1956-01-01,281,85,94,102
1420,Canada,0,1,2,3,1956-01-01,108,27,31,50
1421,Japan,0,1,0,1,1956-01-01,56,16,22,18
1422,Hungary,0,0,1,1,1956-01-01,159,60,41,58
1413,Finland,3,3,1,7,1956-01-01,264,91,83,90
312,Germany,4,10,6,20,1956-01-01,301,89,104,108
306,Australia,13,8,14,35,1956-01-01,83,30,22,31
325,Norway,1,0,2,3,1956-01-01,177,63,56,58
326,Mexico,1,0,1,2,1956-01-01,13,3,4,6
327,Brazil,1,0,0,1,1956-01-01,8,3,1,4
328,India,1,0,0,1,1956-01-01,9,6,2,1
329,Yugoslavia,0,3,0,3,1956-01-01,16,4,9,3
330,Chile,0,2,2,4,1956-01-01,7,0,5,2
332,Argentina,0,1,1,2,1956-01-01,38,13,15,10
333,Republic of Korea,0,1,1,2,1956-01-01,6,0,1,5
334,Iceland,0,1,0,1,1956-01-01,1,0,1,0
335,Pakistan,0,1,0,1,1956-01-01,1,0,1,0
336,South Africa,0,0,4,4,1956-01-01,50,16,15,19
337,Austria,0,0,2,2,1956-01-01,98,24,36,38
338,Greece,0,0,1,1,1956-01-01,58,13,22,23
339,The Bahamas,0,0,1,1,1956-01-01,1,0,0,1
340,Uruguay,0,0,1,1,1956-01-01,8,2,1,5
324,Denmark,1,1,1,3,1956-01-01,106,19,47,40
323,Ireland,1,1,3,5,1956-01-01,12,4,3,5
331,Belgium,0,2,0,2,1956-01-01,111,33,40,38
321,Czechoslovakia,1,4,1,6,1956-01-01,68,21,27,20
322,Bulgaria,1,3,1,5,1956-01-01,6,1,3,2
305,United States,32,25,17,74,1956-01-01,1128,464,355,309
307,Hungary,9,10,7,26,1956-01-01,185,69,51,65
308,Italy,8,6,8,22,1956-01-01,220,87,74,59
309,Great Britain,5,7,9,21,1956-01-01,433,138,161,134
310,Sweden,5,5,6,16,1956-01-01,392,123,123,146
311,Romania,5,3,5,13,1956-01-01,19,6,5,8
313,Japan,4,10,5,19,1956-01-01,75,20,32,23
304,Soviet Union,37,29,32,98,1956-01-01,185,66,62,57
315,Türkiye,3,2,2,7,1956-01-01,24,12,6,6
316,Finland,3,1,11,15,1956-01-01,279,94,84,101
317,Islamic Republic of Iran,2,2,1,5,1956-01-01,13,2,5,6
318,Canada,2,1,2,5,1956-01-01,113,29,32,52
319,New Zealand,2,0,0,2,1956-01-01,10,5,1,4
320,Poland,1,4,4,9,1956-01-01,43,8,14,21
314,France,4,4,6,14,1956-01-01,379,121,129,129
356,Sweden,1,2,3,6,1960-01-01,398,124,125,149
355,Bulgaria,1,3,3,7,1960-01-01,13,2,6,5
354,New Zealand,2,0,1,3,1960-01-01,13,7,1,5
353,Denmark,2,3,1,6,1960-01-01,112,21,50,41
352,Great Britain,2,6,12,20,1960-01-01,453,140,167,146
351,Romania,3,1,6,10,1960-01-01,29,9,6,14
350,Czechoslovakia,3,2,3,8,1960-01-01,76,24,29,23
349,Poland,4,6,11,21,1960-01-01,64,12,20,32
345,Australia,8,8,6,22,1960-01-01,105,38,30,37
347,Hungary,6,8,7,21,1960-01-01,206,75,59,72
346,Türkiye,7,2,0,9,1960-01-01,33,19,8,6
344,Germany,12,19,11,42,1960-01-01,343,101,123,119
343,Italy,13,10,13,36,1960-01-01,256,100,84,72
342,United States,34,21,16,71,1960-01-01,1199,498,376,325
341,Soviet Union,43,29,31,103,1960-01-01,288,109,91,88
348,Japan,4,7,7,18,1960-01-01,93,24,39,30
357,Finland,1,1,3,5,1960-01-01,284,95,85,104
358,Austria,1,1,0,2,1960-01-01,100,25,37,38
359,Yugoslavia,1,1,0,2,1960-01-01,18,5,10,3
381,Iraq,0,0,1,1,1960-01-01,1,0,0,1
382,Mexico,0,0,1,1,1960-01-01,14,3,4,7
383,Spain,0,0,1,1,1960-01-01,8,2,4,2
1424,Soviet Union,7,5,9,21,1960-01-01,309,116,96,97
1426,United States,3,4,3,10,1960-01-01,1209,501,380,328
1427,Norway,3,3,0,6,1960-01-01,183,66,59,58
1428,Sweden,3,2,2,7,1960-01-01,405,127,127,151
1429,Finland,2,3,3,8,1960-01-01,292,97,88,107
1430,Canada,2,1,1,4,1960-01-01,117,31,33,53
1431,Switzerland,2,0,0,2,1960-01-01,151,46,58,47
1432,Austria,1,2,3,6,1960-01-01,106,26,39,41
1433,France,1,0,2,3,1960-01-01,382,122,129,131
1434,Netherlands,0,1,1,2,1960-01-01,107,30,35,42
1435,Poland,0,1,1,2,1960-01-01,66,12,21,33
1436,Czechoslovakia,0,1,0,1,1960-01-01,77,24,30,23
1437,Italy,0,0,1,1,1960-01-01,257,100,84,73
384,Venezuela,0,0,1,1,1960-01-01,2,0,0,2
380,West Indies Federation,0,0,2,2,1960-01-01,2,0,0,2
379,Brazil,0,0,2,2,1960-01-01,10,3,1,6
1425,Germany,4,3,1,8,1960-01-01,351,105,126,120
377,Portugal,0,1,0,1,1960-01-01,7,0,2,5
360,Pakistan,1,0,1,2,1960-01-01,3,1,1,1
361,Ethiopia,1,0,0,1,1960-01-01,1,1,0,0
378,Singapore,0,1,0,1,1960-01-01,1,0,1,0
363,Norway,1,0,0,1,1960-01-01,184,67,59,58
364,Switzerland,0,3,3,6,1960-01-01,157,46,61,50
365,France,0,2,3,5,1960-01-01,387,122,131,134
366,Belgium,0,2,2,4,1960-01-01,115,33,42,40
367,Islamic Republic of Iran,0,1,3,4,1960-01-01,17,2,6,9
368,Netherlands,0,1,2,3,1960-01-01,110,30,36,44
362,Greece,1,0,0,1,1960-01-01,59,14,22,23
370,Argentina,0,1,1,2,1960-01-01,40,13,16,11
369,South Africa,0,1,2,3,1960-01-01,53,16,16,21
375,India,0,1,0,1,1960-01-01,10,6,3,1
374,Ghana,0,1,0,1,1960-01-01,1,0,1,0
376,Morocco,0,1,0,1,1960-01-01,1,0,1,0
372,Canada,0,1,0,1,1960-01-01,118,31,34,53
371,United Arab Republic,0,1,1,2,1960-01-01,2,0,1,1
373,Chinese Taipei,0,1,0,1,1960-01-01,1,0,1,0
1451,Czechoslovakia,0,0,1,1,1964-01-01,78,24,30,24
1449,Italy,0,1,3,4,1964-01-01,261,100,85,76
1448,Great Britain,1,0,0,1,1964-01-01,454,141,167,146
1447,Netherlands,1,1,0,2,1964-01-01,112,31,37,44
1446,Canada,1,1,1,3,1964-01-01,121,32,35,54
1445,United States,1,2,4,7,1964-01-01,1216,502,382,332
1443,Germany,3,3,3,9,1964-01-01,360,108,129,123
1442,France,3,4,0,7,1964-01-01,394,125,135,134
1441,Finland,3,4,3,10,1964-01-01,302,100,92,110
1440,Norway,3,6,6,15,1964-01-01,199,70,65,64
1439,Austria,4,5,3,12,1964-01-01,118,30,44,44
1438,Soviet Union,11,8,6,25,1964-01-01,334,127,104,103
1444,Sweden,3,3,1,7,1964-01-01,412,130,130,152
1450,Democratic People's Republic of Korea,0,1,0,1,1964-01-01,1,0,1,0
396,Finland,3,0,2,5,1964-01-01,307,103,92,112
401,Sweden,2,2,4,8,1964-01-01,420,132,132,156
424,Nigeria,0,0,1,1,1964-01-01,1,0,0,1
425,Uruguay,0,0,1,1,1964-01-01,9,2,1,6
402,Denmark,2,1,3,6,1964-01-01,118,23,51,44
385,United States,36,26,28,90,1964-01-01,1306,538,408,360
386,Soviet Union,30,31,35,96,1964-01-01,430,157,135,138
387,Japan,16,5,8,29,1964-01-01,122,40,44,38
388,Germany,10,22,18,50,1964-01-01,410,118,151,141
389,Italy,10,10,7,27,1964-01-01,288,110,95,83
390,Hungary,10,7,5,22,1964-01-01,228,85,66,77
391,Poland,7,6,10,23,1964-01-01,89,19,27,43
392,Australia,6,2,10,18,1964-01-01,123,44,32,47
393,Czechoslovakia,5,6,3,14,1964-01-01,92,29,36,27
394,Great Britain,4,12,2,18,1964-01-01,472,145,179,148
395,Bulgaria,3,5,2,10,1964-01-01,23,5,11,7
397,New Zealand,3,0,2,5,1964-01-01,18,10,1,7
398,Romania,2,4,6,12,1964-01-01,41,11,10,20
399,Netherlands,2,4,4,10,1964-01-01,122,33,41,48
423,Mexico,0,0,1,1,1964-01-01,15,3,4,8
422,Kenya,0,0,1,1,1964-01-01,1,0,0,1
400,Türkiye,2,3,1,6,1964-01-01,39,21,11,7
420,Ghana,0,0,1,1,1964-01-01,2,0,1,1
403,Yugoslavia,2,1,2,5,1964-01-01,23,7,11,5
404,Belgium,2,0,1,3,1964-01-01,118,35,42,41
405,France,1,8,6,15,1964-01-01,409,126,143,140
406,Canada,1,2,1,4,1964-01-01,125,33,37,55
407,Switzerland,1,2,1,4,1964-01-01,161,47,63,51
408,Ethiopia,1,0,0,1,1964-01-01,2,2,0,0
409,India,1,0,0,1,1964-01-01,11,7,3,1
410,The Bahamas,1,0,0,1,1964-01-01,2,1,0,1
411,Republic of Korea,0,2,1,3,1964-01-01,9,0,3,6
412,Trinidad and Tobago,0,1,2,3,1964-01-01,6,0,2,4
413,Tunisia,0,1,1,2,1964-01-01,2,0,1,1
421,Ireland,0,0,1,1,1964-01-01,13,4,3,6
414,Argentina,0,1,0,1,1964-01-01,41,13,17,11
416,Pakistan,0,1,0,1,1964-01-01,4,1,2,1
417,Philippines,0,1,0,1,1964-01-01,6,0,1,5
418,Islamic Republic of Iran,0,0,2,2,1964-01-01,19,2,6,11
419,Brazil,0,0,1,1,1964-01-01,11,3,1,7
415,Cuba,0,1,0,1,1964-01-01,7,4,3,0
443,Bulgaria,2,4,3,9,1968-01-01,32,7,15,10
444,Islamic Republic of Iran,2,1,2,5,1968-01-01,24,4,7,13
445,Sweden,2,1,1,4,1968-01-01,424,134,133,157
446,Türkiye,2,0,0,2,1968-01-01,41,23,11,7
447,Denmark,1,4,3,8,1968-01-01,126,24,55,47
448,Canada,1,3,1,5,1968-01-01,130,34,40,56
440,Mexico,3,3,3,9,1968-01-01,24,6,7,11
449,Finland,1,2,1,4,1968-01-01,311,104,94,113
442,Netherlands,3,3,1,7,1968-01-01,129,36,44,49
441,Yugoslavia,3,3,2,8,1968-01-01,31,10,14,7
439,Kenya,3,4,2,9,1968-01-01,10,3,4,3
434,Australia,5,7,5,17,1968-01-01,140,49,39,52
437,Romania,4,6,5,15,1968-01-01,56,15,16,25
436,Poland,5,2,11,18,1968-01-01,107,24,29,54
435,Great Britain,5,5,3,13,1968-01-01,485,150,184,151
450,Ethiopia,1,1,0,2,1968-01-01,4,3,1,0
433,West Germany,5,11,10,26,1968-01-01,26,5,11,10
432,Czechoslovakia,7,2,4,13,1968-01-01,105,36,38,31
431,France,7,3,5,15,1968-01-01,424,133,146,145
430,East Germany,9,9,7,25,1968-01-01,25,9,9,7
429,Hungary,10,10,12,32,1968-01-01,260,95,76,89
428,Japan,11,7,7,25,1968-01-01,147,51,51,45
426,United States,45,28,34,107,1968-01-01,1413,583,436,394
438,Italy,3,4,9,16,1968-01-01,304,113,99,92
451,Norway,1,1,0,2,1968-01-01,201,71,66,64
427,Soviet Union,29,32,30,91,1968-01-01,521,186,167,168
453,Tunisia,1,0,1,2,1968-01-01,4,1,1,2
1466,Romania,0,0,1,1,1968-01-01,57,15,16,26
1465,Switzerland,0,2,4,6,1968-01-01,167,47,65,55
1464,Canada,1,1,1,3,1968-01-01,133,35,41,57
1463,Czechoslovakia,1,2,1,4,1968-01-01,109,37,40,32
1462,Finland,1,2,2,5,1968-01-01,316,105,96,115
1461,East Germany,1,2,2,5,1968-01-01,30,10,11,9
452,New Zealand,1,0,2,3,1968-01-01,21,11,1,9
1459,West Germany,2,2,3,7,1968-01-01,33,7,13,13
1458,Sweden,3,2,3,8,1968-01-01,432,137,135,160
1457,Netherlands,3,3,3,9,1968-01-01,138,39,47,52
1456,Austria,3,4,4,11,1968-01-01,129,33,48,48
1455,Italy,4,0,0,4,1968-01-01,308,117,99,92
1454,France,4,3,2,9,1968-01-01,433,137,149,147
1453,Soviet Union,5,5,3,13,1968-01-01,534,191,172,171
1452,Norway,6,6,2,14,1968-01-01,215,77,72,66
1460,United States,1,5,1,7,1968-01-01,1420,584,441,395
468,Greece,0,0,1,1,1968-01-01,60,14,22,24
469,India,0,0,1,1,1968-01-01,12,7,3,2
454,Pakistan,1,0,0,1,1968-01-01,5,2,2,1
455,Venezuela,1,0,0,1,1968-01-01,3,1,0,2
456,Cuba,0,4,0,4,1968-01-01,11,4,7,0
457,Austria,0,2,2,4,1968-01-01,133,33,50,50
458,Switzerland,0,1,4,5,1968-01-01,172,47,66,59
460,Brazil,0,1,2,3,1968-01-01,14,3,2,9
459,Mongolia,0,1,3,4,1968-01-01,4,0,1,3
462,Republic of Korea,0,1,1,2,1968-01-01,11,0,4,7
463,Uganda,0,1,1,2,1968-01-01,2,0,1,1
464,Cameroon,0,1,0,1,1968-01-01,1,0,1,0
465,Jamaica,0,1,0,1,1968-01-01,9,3,6,0
466,Argentina,0,0,2,2,1968-01-01,43,13,17,13
467,Chinese Taipei,0,0,1,1,1968-01-01,2,0,1,1
461,Belgium,0,1,1,2,1968-01-01,120,35,43,42
1483,Canada,0,1,0,1,1972-01-01,134,35,42,57
1482,France,0,1,2,3,1972-01-01,436,137,150,149
1481,Finland,0,4,1,5,1972-01-01,321,105,100,116
1480,Spain,1,0,0,1,1972-01-01,9,3,4,2
1479,Poland,1,0,0,1,1972-01-01,108,25,29,54
1478,Czechoslovakia,1,0,2,3,1972-01-01,112,38,40,34
1477,Japan,1,1,1,3,1972-01-01,150,52,52,46
1473,Norway,2,5,5,12,1972-01-01,227,79,77,71
1475,Austria,1,2,2,5,1972-01-01,138,34,52,52
1474,Italy,2,2,1,5,1972-01-01,313,119,101,93
1472,West Germany,3,1,1,5,1972-01-01,38,10,14,14
1471,United States,3,2,3,8,1972-01-01,1428,587,443,398
1470,Netherlands,4,3,2,9,1972-01-01,147,43,50,54
1468,East Germany,4,3,7,14,1972-01-01,44,14,14,16
1467,Soviet Union,8,5,3,16,1972-01-01,550,199,177,174
1476,Sweden,1,1,2,4,1972-01-01,436,138,136,162
1469,Switzerland,4,3,3,10,1972-01-01,182,51,69,62
495,Switzerland,0,3,0,3,1972-01-01,185,51,72,62
470,Soviet Union,50,27,22,99,1972-01-01,649,249,204,196
516,Nigeria,0,0,1,1,1972-01-01,2,0,0,2
515,Niger,0,0,1,1,1972-01-01,1,0,0,1
514,Jamaica,0,0,1,1,1972-01-01,10,3,6,1
513,India,0,0,1,1,1972-01-01,13,7,3,3
512,Ghana,0,0,1,1,1972-01-01,3,0,1,2
494,Denmark,1,0,0,1,1972-01-01,127,25,55,47
510,Brazil,0,0,2,2,1972-01-01,16,3,2,11
509,Türkiye,0,1,0,1,1972-01-01,42,23,12,7
508,Tunisia,0,1,0,1,1972-01-01,5,1,2,2
507,Republic of Korea,0,1,0,1,1972-01-01,12,0,5,7
506,Pakistan,0,1,0,1,1972-01-01,6,2,3,1
505,Mongolia,0,1,0,1,1972-01-01,5,0,2,3
504,Mexico,0,1,0,1,1972-01-01,25,6,8,11
503,Lebanon,0,1,0,1,1972-01-01,3,0,2,1
502,Argentina,0,1,0,1,1972-01-01,44,13,18,13
501,Colombia,0,1,2,3,1972-01-01,3,0,1,2
500,Austria,0,1,2,3,1972-01-01,141,34,53,54
499,Greece,0,2,0,2,1972-01-01,62,14,24,24
498,Belgium,0,2,0,2,1972-01-01,122,35,45,42
497,Islamic Republic of Iran,0,2,1,3,1972-01-01,27,4,9,14
496,Canada,0,2,3,5,1972-01-01,139,35,44,60
517,Spain,0,0,1,1,1972-01-01,10,3,4,3
493,Uganda,1,1,0,2,1972-01-01,4,1,2,1
511,Ethiopia,0,0,2,2,1972-01-01,6,3,1,2
491,Democratic People's Republic of Korea,1,1,3,5,1972-01-01,6,1,2,3
471,United States,33,31,30,94,1972-01-01,1522,620,474,428
472,East Germany,20,23,23,66,1972-01-01,110,34,37,39
492,New Zealand,1,1,1,3,1972-01-01,24,12,2,10
474,Japan,13,8,8,29,1972-01-01,179,65,60,54
475,Australia,8,7,2,17,1972-01-01,157,57,46,54
476,Poland,7,5,9,21,1972-01-01,129,32,34,63
477,Hungary,6,13,16,35,1972-01-01,295,101,89,105
478,Bulgaria,6,10,5,21,1972-01-01,53,13,25,15
479,Italy,5,3,10,18,1972-01-01,331,124,104,103
480,Sweden,4,6,6,16,1972-01-01,452,142,142,168
473,West Germany,13,11,16,40,1972-01-01,78,23,25,30
482,Romania,3,6,7,16,1972-01-01,73,18,22,33
481,Great Britain,4,5,9,18,1972-01-01,503,154,189,160
490,Norway,2,1,1,4,1972-01-01,231,81,78,72
488,Kenya,2,3,4,9,1972-01-01,19,5,7,7
487,Czechoslovakia,2,4,2,8,1972-01-01,120,40,44,36
489,Yugoslavia,2,1,2,5,1972-01-01,36,12,15,9
485,Netherlands,3,1,1,5,1972-01-01,152,46,51,55
484,Finland,3,1,4,8,1972-01-01,329,108,101,120
483,Cuba,3,1,4,8,1972-01-01,19,7,8,4
486,France,2,4,7,13,1972-01-01,449,139,154,156
1497,Liechtenstein,0,0,2,2,1976-01-01,2,0,0,2
1492,Netherlands,1,2,3,6,1976-01-01,158,47,53,58
1496,Czechoslovakia,0,1,0,1,1976-01-01,121,40,45,36
1495,Great Britain,1,0,0,1,1976-01-01,504,155,189,160
1494,Canada,1,1,1,3,1976-01-01,142,36,45,61
1493,Italy,1,2,1,4,1976-01-01,335,125,106,104
1491,Switzerland,1,3,1,5,1976-01-01,190,52,75,63
1486,United States,3,3,4,10,1976-01-01,1532,623,477,432
1489,Finland,2,4,1,7,1976-01-01,336,110,105,121
1488,West Germany,2,5,3,10,1976-01-01,88,25,30,33
1487,Norway,3,3,1,7,1976-01-01,238,84,81,73
1485,East Germany,7,5,7,19,1976-01-01,129,41,42,46
1484,Soviet Union,13,6,8,27,1976-01-01,676,262,210,204
1498,Sweden,0,0,2,2,1976-01-01,454,142,142,170
1490,Austria,2,2,2,6,1976-01-01,147,36,55,56
1499,France,0,0,1,1,1976-01-01,450,139,154,157
556,Pakistan,0,0,1,1,1976-01-01,7,2,3,2
550,Islamic Republic of Iran,0,1,1,2,1976-01-01,29,4,10,15
539,Jamaica,1,1,0,2,1976-01-01,12,4,7,1
540,Norway,1,1,0,2,1976-01-01,240,85,82,73
541,Denmark,1,0,2,3,1976-01-01,130,26,55,49
543,Trinidad and Tobago,1,0,0,1,1976-01-01,7,1,2,4
544,Canada,0,5,6,11,1976-01-01,153,36,50,67
545,Belgium,0,3,3,6,1976-01-01,128,35,48,45
546,Netherlands,0,2,3,5,1976-01-01,163,47,55,61
547,Portugal,0,2,0,2,1976-01-01,9,0,4,5
548,Spain,0,2,0,2,1976-01-01,12,3,6,3
549,Australia,0,1,4,5,1976-01-01,162,57,47,58
551,Mongolia,0,1,0,1,1976-01-01,6,0,3,3
552,Venezuela,0,1,0,1,1976-01-01,4,1,1,2
553,Brazil,0,0,2,2,1976-01-01,18,3,2,13
554,Austria,0,0,1,1,1976-01-01,148,36,55,57
555,Bermuda,0,0,1,1,1976-01-01,1,0,0,1
557,Puerto Rico,0,0,1,1,1976-01-01,2,0,0,2
558,Thailand,0,0,1,1,1976-01-01,1,0,0,1
538,Democratic People's Republic of Korea,1,1,0,2,1976-01-01,8,2,3,3
537,Switzerland,1,1,2,4,1976-01-01,194,53,76,65
542,Mexico,1,0,1,2,1976-01-01,27,7,8,12
535,New Zealand,2,1,1,4,1976-01-01,28,14,3,11
518,Soviet Union,49,41,35,125,1976-01-01,801,311,251,239
519,East Germany,40,25,25,90,1976-01-01,219,81,67,71
520,United States,34,35,25,94,1976-01-01,1626,657,512,457
521,West Germany,10,12,17,39,1976-01-01,127,35,42,50
536,Republic of Korea,1,1,4,6,1976-01-01,18,1,6,11
523,Poland,7,6,13,26,1976-01-01,155,39,40,76
524,Bulgaria,6,9,7,22,1976-01-01,75,19,34,22
525,Cuba,6,4,3,13,1976-01-01,32,13,12,7
526,Romania,4,9,14,27,1976-01-01,100,22,31,47
522,Japan,9,6,10,25,1976-01-01,204,74,66,64
528,Finland,4,2,0,6,1976-01-01,342,114,107,121
529,Sweden,4,1,0,5,1976-01-01,459,146,143,170
530,Great Britain,3,5,5,13,1976-01-01,517,158,194,165
531,Italy,2,7,4,13,1976-01-01,348,127,113,108
532,France,2,3,4,9,1976-01-01,459,141,157,161
533,Yugoslavia,2,3,3,8,1976-01-01,44,14,18,12
534,Czechoslovakia,2,2,4,8,1976-01-01,129,42,47,40
527,Hungary,4,5,13,22,1976-01-01,317,105,94,118
1502,United States,6,4,2,12,1980-01-01,1638,663,516,459
1501,East Germany,9,7,7,23,1980-01-01,242,90,74,78
1500,Soviet Union,10,6,6,22,1980-01-01,823,321,257,245
594,Lebanon,0,0,1,1,1980-01-01,4,0,2,2
593,Guyana,0,0,1,1,1980-01-01,1,0,0,1
589,Ireland,0,1,1,2,1980-01-01,15,4,4,7
591,Venezuela,0,1,0,1,1980-01-01,5,1,2,2
590,Uganda,0,1,0,1,1980-01-01,5,1,3,1
1503,Austria,3,2,2,7,1980-01-01,155,39,57,59
588,Netherlands,0,1,2,3,1980-01-01,166,47,56,63
592,Jamaica,0,0,3,3,1980-01-01,15,4,7,4
1504,Sweden,3,0,1,4,1980-01-01,463,149,143,171
576,Ethiopia,2,0,2,4,1980-01-01,10,5,1,4
1506,Finland,1,5,3,9,1980-01-01,351,115,112,124
1507,Norway,1,3,6,10,1980-01-01,250,86,85,79
1508,Netherlands,1,2,1,4,1980-01-01,170,48,58,64
1509,Switzerland,1,1,3,5,1980-01-01,199,54,77,68
1510,Great Britain,1,0,0,1,1980-01-01,518,159,194,165
1511,West Germany,0,2,3,5,1980-01-01,132,35,44,53
1512,Italy,0,2,0,2,1980-01-01,350,127,115,108
1513,Canada,0,1,1,2,1980-01-01,155,36,51,68
1514,Hungary,0,1,0,1,1980-01-01,318,105,95,118
1518,France,0,0,1,1,1980-01-01,460,141,157,162
1517,Czechoslovakia,0,0,1,1,1980-01-01,130,42,47,41
587,Mexico,0,1,3,4,1980-01-01,31,7,9,15
1505,Liechtenstein,2,2,0,4,1980-01-01,6,2,2,2
586,United Republic of Tanzania,0,2,0,2,1980-01-01,2,0,2,0
566,France,6,5,3,14,1980-01-01,474,147,162,165
584,Democratic People's Republic of Korea,0,3,2,5,1980-01-01,13,2,6,5
559,Soviet Union,80,69,46,195,1980-01-01,1018,401,326,291
560,East Germany,47,37,42,126,1980-01-01,368,137,111,120
561,Bulgaria,8,16,17,41,1980-01-01,116,27,50,39
562,Cuba,8,7,5,20,1980-01-01,52,21,19,12
563,Italy,8,3,4,15,1980-01-01,365,135,118,112
564,Hungary,7,10,15,32,1980-01-01,350,112,105,133
565,Romania,6,6,13,25,1980-01-01,125,28,37,60
1516,Bulgaria,0,0,1,1,1980-01-01,117,27,50,40
567,Great Britain,5,7,9,21,1980-01-01,539,164,201,174
568,Poland,3,14,15,32,1980-01-01,187,42,54,91
569,Sweden,3,3,6,12,1980-01-01,475,152,146,177
570,Finland,3,1,4,8,1980-01-01,359,118,113,128
571,Czechoslovakia,2,3,9,14,1980-01-01,144,44,50,50
572,Yugoslavia,2,3,4,9,1980-01-01,53,16,21,16
573,Australia,2,2,5,9,1980-01-01,171,59,49,63
574,Denmark,2,1,2,5,1980-01-01,135,28,56,51
575,Brazil,2,0,2,4,1980-01-01,22,5,2,15
577,Switzerland,2,0,0,2,1980-01-01,201,56,77,68
578,Spain,1,3,2,6,1980-01-01,18,4,9,5
579,Austria,1,2,1,4,1980-01-01,159,40,59,60
580,Greece,1,0,2,3,1980-01-01,65,15,24,26
581,Belgium,1,0,0,1,1980-01-01,129,36,48,45
582,India,1,0,0,1,1980-01-01,14,8,3,3
583,Zimbabwe,1,0,0,1,1980-01-01,1,1,0,0
585,Mongolia,0,2,2,4,1980-01-01,10,0,5,5
1515,Japan,0,1,0,1,1980-01-01,205,74,67,64
641,Zambia,0,0,1,1,1984-01-01,1,0,0,1
640,Iceland,0,0,1,1,1984-01-01,2,0,1,1
639,Dominican Republic,0,0,1,1,1984-01-01,1,0,0,1
615,Belgium,1,1,2,4,1984-01-01,133,37,49,47
1520,Soviet Union,6,10,9,25,1984-01-01,1043,407,336,300
638,Chinese Taipei,0,0,1,1,1984-01-01,3,0,1,2
1535,Austria,0,0,1,1,1984-01-01,160,40,59,61
1534,Liechtenstein,0,0,2,2,1984-01-01,8,2,2,4
1533,Yugoslavia,0,1,0,1,1984-01-01,54,16,22,16
1532,Japan,0,1,0,1,1984-01-01,206,74,68,64
1531,France,0,1,2,3,1984-01-01,477,147,163,167
1530,Czechoslovakia,0,2,4,6,1984-01-01,150,44,52,54
1519,East Germany,9,9,6,24,1984-01-01,392,146,120,126
1529,Great Britain,1,0,0,1,1984-01-01,540,165,201,174
1527,West Germany,2,1,1,4,1984-01-01,136,37,45,54
1526,Canada,2,1,1,4,1984-01-01,159,38,52,69
1525,Switzerland,2,2,1,5,1984-01-01,206,58,79,69
1524,Norway,3,2,4,9,1984-01-01,259,89,87,83
1523,Sweden,4,2,2,8,1984-01-01,483,156,148,179
1522,Finland,4,3,6,13,1984-01-01,372,122,116,134
1521,United States,4,4,0,8,1984-01-01,1646,667,520,459
1528,Italy,2,0,0,2,1984-01-01,367,137,118,112
637,Cameroon,0,0,1,1,1984-01-01,2,0,1,1
623,Norway,0,1,2,3,1984-01-01,262,89,88,85
635,Venezuela,0,0,3,3,1984-01-01,8,1,2,5
605,Great Britain,5,11,21,37,1984-01-01,577,170,212,195
606,France,5,7,16,28,1984-01-01,505,152,170,183
607,Netherlands,5,2,6,13,1984-01-01,183,53,60,70
608,Australia,4,8,12,24,1984-01-01,195,63,57,75
609,Finland,4,2,6,12,1984-01-01,384,126,118,140
610,Sweden,2,11,6,19,1984-01-01,502,158,159,185
611,Mexico,2,3,1,6,1984-01-01,37,9,12,16
631,Peru,0,1,0,1,1984-01-01,2,1,1,0
630,Ireland,0,1,0,1,1984-01-01,16,4,5,7
629,Egypt,0,1,0,1,1984-01-01,16,6,5,5
628,Côte d'Ivoire,0,1,0,1,1984-01-01,1,0,1,0
604,Republic of Korea,6,6,7,19,1984-01-01,37,7,12,18
627,Colombia,0,1,0,1,1984-01-01,4,0,2,2
625,Nigeria,0,1,1,2,1984-01-01,4,0,1,3
624,Greece,0,1,1,2,1984-01-01,67,15,25,27
636,Algeria,0,0,2,2,1984-01-01,2,0,0,2
622,Jamaica,0,1,2,3,1984-01-01,18,4,8,6
621,Denmark,0,3,3,6,1984-01-01,141,28,59,54
620,Switzerland,0,4,4,8,1984-01-01,214,58,83,73
619,Pakistan,1,0,0,1,1984-01-01,8,3,3,2
618,Portugal,1,0,2,3,1984-01-01,12,1,4,7
617,Kenya,1,0,2,3,1984-01-01,22,6,7,9
616,Austria,1,1,1,3,1984-01-01,163,41,60,62
614,Spain,1,2,2,5,1984-01-01,23,5,11,7
626,Puerto Rico,0,1,1,2,1984-01-01,4,0,1,3
603,Yugoslavia,7,4,7,18,1984-01-01,72,23,26,23
602,New Zealand,8,1,2,11,1984-01-01,39,22,4,13
601,Japan,10,8,14,32,1984-01-01,238,84,76,78
634,Türkiye,0,0,3,3,1984-01-01,45,23,12,10
633,Thailand,0,1,0,1,1984-01-01,2,0,1,1
632,Syrian Arab Republic,0,1,0,1,1984-01-01,1,0,1,0
613,Brazil,1,5,2,8,1984-01-01,30,6,7,17
595,United States,83,61,30,174,1984-01-01,1820,750,581,489
612,Morocco,2,0,0,2,1984-01-01,3,2,1,0
600,Canada,10,18,16,44,1984-01-01,203,48,70,85
599,Italy,14,6,12,32,1984-01-01,399,151,124,124
598,People's Republic of China,15,8,9,32,1984-01-01,32,15,8,9
597,West Germany,17,19,23,59,1984-01-01,195,54,64,77
596,Romania,20,16,17,53,1984-01-01,178,48,53,77
1536,Soviet Union,11,9,9,29,1988-01-01,1072,418,345,309
1551,Japan,0,0,1,1,1988-01-01,239,84,76,79
1550,Czechoslovakia,0,1,2,3,1988-01-01,153,44,53,56
1549,Yugoslavia,0,2,1,3,1988-01-01,75,23,28,24
1548,Canada,0,2,3,5,1988-01-01,208,48,72,88
1547,Norway,0,3,2,5,1988-01-01,267,89,91,87
1546,France,1,0,1,2,1988-01-01,507,153,170,184
1544,United States,2,1,3,6,1988-01-01,1826,752,582,492
1543,West Germany,2,4,2,8,1988-01-01,203,56,68,79
1541,Austria,3,5,2,10,1988-01-01,173,44,65,64
1540,Sweden,4,0,2,6,1988-01-01,508,162,159,187
1539,Finland,4,1,2,7,1988-01-01,391,130,119,142
1538,Switzerland,5,5,5,15,1988-01-01,229,63,88,78
1537,East Germany,9,10,6,25,1988-01-01,417,155,130,132
1545,Italy,2,1,2,5,1988-01-01,404,153,125,126
1542,Netherlands,3,2,2,7,1988-01-01,190,56,62,72
1552,Liechtenstein,0,0,1,1,1988-01-01,9,2,2,5
673,Sweden,0,4,7,11,1988-01-01,519,162,163,194
642,Soviet Union,55,31,46,132,1988-01-01,1204,473,376,355
643,East Germany,37,35,30,102,1988-01-01,519,192,165,162
644,United States,36,31,27,94,1988-01-01,1920,788,613,519
645,Republic of Korea,12,10,11,33,1988-01-01,70,19,22,29
646,West Germany,11,14,15,40,1988-01-01,243,67,82,94
647,Hungary,11,6,6,23,1988-01-01,373,123,111,139
648,Bulgaria,10,12,13,35,1988-01-01,152,37,62,53
649,Romania,7,11,6,24,1988-01-01,202,55,64,83
650,France,6,4,6,16,1988-01-01,523,159,174,190
651,Italy,6,4,4,14,1988-01-01,418,159,129,130
652,People's Republic of China,5,11,12,28,1988-01-01,60,20,19,21
653,Great Britain,5,10,9,24,1988-01-01,601,175,222,204
654,Kenya,5,2,2,9,1988-01-01,31,11,9,11
655,Japan,4,3,7,14,1988-01-01,253,88,79,86
656,Australia,3,6,5,14,1988-01-01,209,66,63,80
657,Yugoslavia,3,4,5,12,1988-01-01,87,26,32,29
658,Czechoslovakia,3,3,2,8,1988-01-01,161,47,56,58
672,Suriname,1,0,0,1,1988-01-01,1,1,0,0
671,Portugal,1,0,0,1,1988-01-01,13,2,4,7
670,Austria,1,0,0,1,1988-01-01,174,45,65,64
669,Morocco,1,0,2,3,1988-01-01,6,3,1,2
668,Türkiye,1,1,0,2,1988-01-01,47,24,13,10
667,Spain,1,1,2,4,1988-01-01,27,6,12,9
674,Switzerland,0,2,2,4,1988-01-01,233,63,90,80
666,Finland,1,1,2,4,1988-01-01,395,131,120,144
664,Denmark,2,1,1,4,1988-01-01,145,30,60,55
663,Netherlands,2,2,5,9,1988-01-01,199,58,64,77
662,Norway,2,3,0,5,1988-01-01,272,91,94,87
661,Poland,2,5,9,16,1988-01-01,203,44,59,100
660,Canada,3,2,5,10,1988-01-01,218,51,74,93
659,New Zealand,3,2,8,13,1988-01-01,52,25,6,21
665,Brazil,1,2,3,6,1988-01-01,36,7,9,20
675,Jamaica,0,2,0,2,1988-01-01,20,4,10,6
676,Argentina,0,1,1,2,1988-01-01,46,13,19,14
691,Pakistan,0,0,1,1,1988-01-01,9,3,3,3
693,Thailand,0,0,1,1,1988-01-01,3,0,1,2
692,Philippines,0,0,1,1,1988-01-01,7,0,1,6
690,Mongolia,0,0,1,1,1988-01-01,11,0,5,6
689,Greece,0,0,1,1,1988-01-01,68,15,25,28
688,Djibouti,0,0,1,1,1988-01-01,1,0,0,1
686,Mexico,0,0,2,2,1988-01-01,39,9,12,18
685,Belgium,0,0,2,2,1988-01-01,135,37,49,49
687,Colombia,0,0,1,1,1988-01-01,5,0,2,3
683,Senegal,0,1,0,1,1988-01-01,1,0,1,0
682,Peru,0,1,0,1,1988-01-01,3,1,2,0
681,Netherlands Antilles,0,1,0,1,1988-01-01,1,0,1,0
680,Islamic Republic of Iran,0,1,0,1,1988-01-01,30,4,11,15
679,Indonesia,0,1,0,1,1988-01-01,1,0,1,0
678,Costa Rica,0,1,0,1,1988-01-01,1,0,1,0
677,Chile,0,1,0,1,1988-01-01,8,0,6,2
684,United States Virgin Islands,0,1,0,1,1988-01-01,1,0,1,0
735,Namibia,0,2,0,2,1992-01-01,2,0,2,0
739,Individual Olympic Athletes,0,1,2,3,1992-01-01,3,0,1,2
738,Croatia,0,1,2,3,1992-01-01,3,0,1,2
737,Belgium,0,1,2,3,1992-01-01,138,37,50,51
736,South Africa,0,2,0,2,1992-01-01,55,16,18,21
734,Austria,0,2,0,2,1992-01-01,176,45,67,64
1568,Luxembourg,0,2,0,2,1992-01-01,7,3,4,0
732,Nigeria,0,3,1,4,1992-01-01,8,0,4,4
731,Jamaica,0,3,1,4,1992-01-01,24,4,13,7
730,Switzerland,1,0,0,1,1992-01-01,234,64,90,80
729,Lithuania,1,0,1,2,1992-01-01,2,1,0,1
728,Estonia,1,0,1,2,1992-01-01,23,7,6,10
740,Islamic Republic of Iran,0,1,2,3,1992-01-01,33,4,12,17
733,Latvia,0,2,1,3,1992-01-01,6,0,4,2
741,Israel,0,1,1,2,1992-01-01,2,0,1,1
750,Malaysia,0,0,1,1,1992-01-01,1,0,0,1
743,Mexico,0,1,0,1,1992-01-01,40,9,13,18
744,Peru,0,1,0,1,1992-01-01,4,1,3,0
745,Mongolia,0,0,2,2,1992-01-01,13,0,5,8
746,Slovenia,0,0,2,2,1992-01-01,2,0,0,2
747,Argentina,0,0,1,1,1992-01-01,47,13,19,15
748,Colombia,0,0,1,1,1992-01-01,6,0,2,4
749,Ghana,0,0,1,1,1992-01-01,4,0,1,3
727,Algeria,1,0,1,2,1992-01-01,4,1,0,3
751,Pakistan,0,0,1,1,1992-01-01,10,3,3,4
752,Philippines,0,0,1,1,1992-01-01,8,0,1,7
753,Puerto Rico,0,0,1,1,1992-01-01,5,0,1,4
754,Qatar,0,0,1,1,1992-01-01,1,0,0,1
755,Suriname,0,0,1,1,1992-01-01,2,1,0,1
756,Thailand,0,0,1,1,1992-01-01,4,0,1,3
742,Chinese Taipei,0,1,0,1,1992-01-01,4,0,2,2
726,Ethiopia,1,0,2,3,1992-01-01,13,6,1,6
717,Indonesia,2,2,1,5,1992-01-01,6,2,3,1
724,Morocco,1,1,1,3,1992-01-01,9,4,2,3
694,Unified Team,45,38,29,112,1992-01-01,112,45,38,29
695,United States,37,34,37,108,1992-01-01,2028,825,647,556
696,Germany,33,21,28,82,1992-01-01,492,151,172,169
697,People's Republic of China,16,22,16,54,1992-01-01,114,36,41,37
698,Cuba,14,6,11,31,1992-01-01,83,35,25,23
699,Spain,13,7,2,22,1992-01-01,49,19,19,11
700,Republic of Korea,12,5,12,29,1992-01-01,99,31,27,41
701,Hungary,11,12,7,30,1992-01-01,403,134,123,146
702,France,8,5,16,29,1992-01-01,552,167,179,206
703,Australia,7,9,11,27,1992-01-01,236,73,72,91
704,Canada,7,4,7,18,1992-01-01,236,58,78,100
705,Italy,6,5,8,19,1992-01-01,437,165,134,138
706,Great Britain,5,3,12,20,1992-01-01,621,180,225,216
707,Romania,4,6,8,18,1992-01-01,220,59,70,91
725,Ireland,1,1,0,2,1992-01-01,18,5,6,7
708,Czechoslovakia,4,2,1,7,1992-01-01,168,51,58,59
710,Japan,3,8,11,22,1992-01-01,275,91,87,97
711,Bulgaria,3,7,6,16,1992-01-01,168,40,69,59
712,Poland,3,6,10,19,1992-01-01,222,47,65,110
713,Netherlands,2,6,7,15,1992-01-01,214,60,70,84
714,Kenya,2,4,2,8,1992-01-01,39,13,13,13
715,Norway,2,4,1,7,1992-01-01,279,93,98,88
716,Türkiye,2,2,2,6,1992-01-01,53,26,15,12
757,The Bahamas,0,0,1,1,1992-01-01,3,1,0,2
718,Brazil,2,1,0,3,1992-01-01,39,9,10,20
719,Greece,2,0,0,2,1992-01-01,70,17,25,28
720,Sweden,1,7,4,12,1992-01-01,531,163,170,198
721,New Zealand,1,4,5,10,1992-01-01,62,26,10,26
722,Finland,1,2,2,5,1992-01-01,400,132,122,146
723,Denmark,1,1,4,6,1992-01-01,151,31,61,59
709,Democratic People's Republic of Korea,4,0,5,9,1992-01-01,22,6,6,10
1569,New Zealand,0,1,0,1,1992-01-01,63,26,11,26
1561,Canada,2,3,2,7,1992-01-01,243,60,81,102
1554,Unified Team,9,6,8,23,1992-01-01,135,54,44,37
1572,Spain,0,0,1,1,1992-01-01,50,19,19,12
1571,Democratic People's Republic of Korea,0,0,1,1,1992-01-01,23,6,6,11
1553,Germany,10,10,6,26,1992-01-01,518,161,182,175
1555,Norway,9,6,5,20,1992-01-01,299,102,104,93
1556,Austria,6,7,8,21,1992-01-01,197,51,74,72
1557,United States,5,4,2,11,1992-01-01,2039,830,651,558
1559,France,3,5,1,9,1992-01-01,561,170,184,207
1558,Italy,4,6,4,14,1992-01-01,451,169,140,142
1570,Czechoslovakia,0,0,3,3,1992-01-01,171,51,58,62
1562,Republic of Korea,2,1,1,4,1992-01-01,103,33,28,42
1563,Japan,1,2,4,7,1992-01-01,282,92,89,101
1564,Netherlands,1,1,2,4,1992-01-01,218,61,71,86
1565,Sweden,1,0,3,4,1992-01-01,535,164,170,201
1566,Switzerland,1,0,2,3,1992-01-01,237,65,90,82
1567,People's Republic of China,0,3,0,3,1992-01-01,117,36,44,37
1560,Finland,3,1,3,7,1992-01-01,407,135,123,149
1589,France,0,1,4,5,1994-01-01,566,170,185,211
1586,Uzbekistan,1,0,0,1,1994-01-01,1,1,0,0
1587,Belarus,0,2,0,2,1994-01-01,2,0,2,0
1588,Finland,0,1,5,6,1994-01-01,413,135,124,154
1590,Netherlands,0,1,3,4,1994-01-01,222,61,72,89
1583,Japan,1,2,2,5,1994-01-01,287,93,91,103
1592,Slovenia,0,0,3,3,1994-01-01,5,0,0,5
1593,Great Britain,0,0,2,2,1994-01-01,623,180,225,218
1594,Australia,0,0,1,1,1994-01-01,237,73,72,92
1585,Ukraine,1,0,1,2,1994-01-01,2,1,0,1
1591,People's Republic of China,0,1,2,3,1994-01-01,120,36,45,39
1584,Kazakhstan,1,2,0,3,1994-01-01,3,1,2,0
1578,Republic of Korea,4,1,1,6,1994-01-01,109,37,29,43
1582,Sweden,2,1,0,3,1994-01-01,538,166,171,201
1573,Russian Federation,11,8,4,23,1994-01-01,31,12,12,7
1575,Germany,9,7,8,24,1994-01-01,542,170,189,183
1576,Italy,7,5,8,20,1994-01-01,471,176,145,150
1577,United States,6,5,2,13,1994-01-01,2052,836,656,560
1574,Norway,10,11,5,26,1994-01-01,325,112,115,98
1579,Canada,3,6,4,13,1994-01-01,256,63,87,106
1580,Switzerland,3,4,2,9,1994-01-01,246,68,94,84
1581,Austria,2,3,4,9,1994-01-01,206,53,77,76
821,Philippines,0,1,0,1,1996-01-01,9,0,2,7
822,The Bahamas,0,1,0,1,1996-01-01,4,1,1,2
823,Tonga,0,1,0,1,1996-01-01,1,0,1,0
824,Zambia,0,1,0,1,1996-01-01,2,0,1,1
825,Georgia,0,0,2,2,1996-01-01,2,0,0,2
826,Morocco,0,0,2,2,1996-01-01,11,4,2,5
827,Trinidad and Tobago,0,0,2,2,1996-01-01,9,1,2,6
828,India,0,0,1,1,1996-01-01,15,8,3,4
816,Republic of Moldova,0,1,1,2,1996-01-01,2,0,1,1
817,Uzbekistan,0,1,1,2,1996-01-01,3,1,1,1
831,Mexico,0,0,1,1,1996-01-01,41,9,13,19
832,Mongolia,0,0,1,1,1996-01-01,14,0,5,9
833,Mozambique,0,0,1,1,1996-01-01,1,0,0,1
834,Puerto Rico,0,0,1,1,1996-01-01,6,0,1,5
835,Tunisia,0,0,1,1,1996-01-01,6,1,2,3
836,Uganda,0,0,1,1,1996-01-01,6,1,3,2
820,Latvia,0,1,0,1,1996-01-01,7,0,5,2
829,Israel,0,0,1,1,1996-01-01,3,0,1,2
819,Chinese Taipei,0,1,0,1,1996-01-01,5,0,3,2
830,Lithuania,0,0,1,1,1996-01-01,3,1,0,2
759,Russian Federation,26,21,16,63,1996-01-01,94,38,33,23
794,Belarus,1,6,8,15,1996-01-01,17,1,8,8
793,Great Britain,1,8,6,15,1996-01-01,638,181,233,224
792,Ethiopia,2,0,1,3,1996-01-01,16,8,1,7
791,Algeria,2,0,1,3,1996-01-01,7,3,0,4
790,Democratic People's Republic of Korea,2,1,2,5,1996-01-01,28,8,7,13
789,Nigeria,2,1,3,6,1996-01-01,14,2,5,7
818,Azerbaijan,0,1,0,1,1996-01-01,1,0,1,0
787,Norway,2,2,3,7,1996-01-01,332,114,117,101
786,Sweden,2,4,2,8,1996-01-01,546,168,175,203
785,Ireland,3,0,1,4,1996-01-01,22,8,6,8
784,South Africa,3,1,1,5,1996-01-01,60,19,19,22
783,New Zealand,3,2,1,6,1996-01-01,69,29,13,27
782,Brazil,3,3,9,15,1996-01-01,54,12,13,29
781,Kazakhstan,3,4,4,11,1996-01-01,14,4,6,4
780,Japan,3,6,5,14,1996-01-01,301,96,97,108
779,Bulgaria,3,7,5,15,1996-01-01,183,43,76,64
778,Canada,3,11,8,22,1996-01-01,278,66,98,114
795,Kenya,1,4,3,8,1996-01-01,47,14,17,16
777,Türkiye,4,1,1,6,1996-01-01,59,30,16,13
796,Jamaica,1,3,2,6,1996-01-01,30,5,16,9
798,Indonesia,1,1,2,4,1996-01-01,10,3,4,3
815,Malaysia,0,1,1,2,1996-01-01,3,0,1,2
814,Austria,0,1,2,3,1996-01-01,209,53,78,78
813,Slovenia,0,2,0,2,1996-01-01,7,0,2,5
812,Namibia,0,2,0,2,1996-01-01,4,0,4,0
811,Argentina,0,2,1,3,1996-01-01,50,13,21,16
810,Syrian Arab Republic,1,0,0,1,1996-01-01,2,1,1,0
809,"Hong Kong, China",1,0,0,1,1996-01-01,1,1,0,0
808,Ecuador,1,0,0,1,1996-01-01,1,1,0,0
807,Costa Rica,1,0,0,1,1996-01-01,2,1,1,0
806,Burundi,1,0,0,1,1996-01-01,1,1,0,0
805,Thailand,1,0,1,2,1996-01-01,6,1,1,4
804,Portugal,1,0,1,2,1996-01-01,15,3,4,8
803,Croatia,1,1,0,2,1996-01-01,5,1,2,2
802,Armenia,1,1,0,2,1996-01-01,2,1,1,0
801,Slovakia,1,1,1,3,1996-01-01,3,1,1,1
800,Islamic Republic of Iran,1,1,1,3,1996-01-01,36,5,13,18
799,Serbia and Montenegro,1,1,2,4,1996-01-01,4,1,1,2
797,Finland,1,2,1,4,1996-01-01,417,136,126,155
758,United States,44,32,25,101,1996-01-01,2153,880,688,585
788,Belgium,2,2,2,6,1996-01-01,144,39,52,53
768,Poland,7,5,5,17,1996-01-01,239,54,70,115
773,Greece,4,4,0,8,1996-01-01,78,21,29,28
772,Netherlands,4,5,10,19,1996-01-01,241,65,77,99
771,Romania,4,7,9,20,1996-01-01,240,63,77,100
770,Spain,5,6,6,17,1996-01-01,67,24,25,18
769,Hungary,7,4,10,21,1996-01-01,424,141,127,156
776,Denmark,4,1,1,6,1996-01-01,157,35,62,60
774,Czech Republic,4,3,4,11,1996-01-01,11,4,3,4
767,Republic of Korea,7,15,5,27,1996-01-01,136,44,44,48
765,Cuba,9,8,8,25,1996-01-01,108,44,33,31
764,Australia,9,9,23,41,1996-01-01,278,82,81,115
763,Italy,13,10,12,35,1996-01-01,506,189,155,162
762,France,15,7,15,37,1996-01-01,603,185,192,226
761,People's Republic of China,16,22,12,50,1996-01-01,170,52,67,51
760,Germany,20,18,27,65,1996-01-01,607,190,207,210
766,Ukraine,9,2,12,23,1996-01-01,25,10,2,13
775,Switzerland,4,3,0,7,1996-01-01,253,72,97,84
1597,Russian Federation,9,6,3,18,1998-01-01,112,47,39,26
1618,Great Britain,0,0,1,1,1998-01-01,639,181,233,225
1596,Norway,10,10,5,25,1998-01-01,357,124,127,106
1617,Belgium,0,0,1,1,1998-01-01,145,39,52,54
1615,Kazakhstan,0,0,2,2,1998-01-01,16,4,6,6
1598,Canada,6,5,4,15,1998-01-01,293,72,103,118
1599,United States,6,3,4,13,1998-01-01,2166,886,691,589
1600,Netherlands,5,4,2,11,1998-01-01,252,70,81,101
1601,Japan,5,1,4,10,1998-01-01,311,101,98,112
1602,Austria,3,5,9,17,1998-01-01,226,56,83,87
1603,Republic of Korea,3,1,2,6,1998-01-01,142,47,45,50
1604,Italy,2,6,2,10,1998-01-01,516,191,161,164
1605,Finland,2,4,6,12,1998-01-01,429,138,130,161
1606,Switzerland,2,2,3,7,1998-01-01,260,74,99,87
1607,France,2,1,5,8,1998-01-01,611,187,193,231
1608,Czech Republic,1,1,1,3,1998-01-01,14,5,4,5
1609,Bulgaria,1,0,0,1,1998-01-01,184,44,76,64
1610,People's Republic of China,0,6,2,8,1998-01-01,178,52,73,53
1611,Sweden,0,2,1,3,1998-01-01,549,168,177,204
1612,Denmark,0,1,0,1,1998-01-01,158,35,63,60
1613,Ukraine,0,1,0,1,1998-01-01,26,10,3,13
1614,Belarus,0,0,2,2,1998-01-01,19,1,8,10
1616,Australia,0,0,1,1,1998-01-01,279,82,81,116
1595,Germany,12,9,8,29,1998-01-01,636,202,216,218
889,Brazil,0,6,6,12,2000-01-01,66,12,19,35
890,Jamaica,0,6,3,9,2000-01-01,39,5,22,12
861,Spain,3,3,5,11,2000-01-01,78,27,28,23
862,Türkiye,3,0,2,5,2000-01-01,64,33,16,15
863,Islamic Republic of Iran,3,0,1,4,2000-01-01,40,8,13,19
864,Czech Republic,2,3,3,8,2000-01-01,22,7,7,8
865,Kenya,2,3,2,7,2000-01-01,54,16,20,18
866,Denmark,2,3,1,6,2000-01-01,164,37,66,61
867,Finland,2,1,1,4,2000-01-01,433,140,131,162
868,Austria,2,1,0,3,2000-01-01,229,58,84,87
869,Lithuania,2,0,3,5,2000-01-01,8,3,0,5
870,Azerbaijan,2,0,1,3,2000-01-01,4,2,1,1
871,The Bahamas,2,0,1,3,2000-01-01,7,3,1,3
872,Slovenia,2,0,0,2,2000-01-01,9,2,2,5
873,Switzerland,1,6,2,9,2000-01-01,269,75,105,89
874,Indonesia,1,3,2,6,2000-01-01,16,4,7,5
875,Slovakia,1,3,1,5,2000-01-01,8,2,4,2
860,Canada,3,3,8,14,2000-01-01,307,75,106,126
859,Belarus,3,3,11,17,2000-01-01,36,4,11,21
858,Kazakhstan,3,4,0,7,2000-01-01,23,7,10,6
857,Ukraine,3,10,10,23,2000-01-01,49,13,13,23
840,Australia,16,25,17,58,2000-01-01,337,98,106,133
841,Germany,13,17,26,56,2000-01-01,692,215,233,244
842,France,13,14,11,38,2000-01-01,649,200,207,242
844,Netherlands,12,9,4,25,2000-01-01,277,82,90,105
845,Cuba,11,11,7,29,2000-01-01,137,55,44,38
846,Great Britain,11,10,7,28,2000-01-01,667,192,243,232
847,Romania,11,6,9,26,2000-01-01,266,74,83,109
876,Mexico,1,2,3,6,2000-01-01,47,10,15,22
848,Republic of Korea,8,10,10,28,2000-01-01,170,55,55,60
850,Poland,6,5,3,14,2000-01-01,253,60,75,118
851,Japan,5,8,5,18,2000-01-01,329,106,106,117
852,Bulgaria,5,6,2,13,2000-01-01,197,49,82,66
853,Greece,4,6,3,13,2000-01-01,91,25,35,31
854,Sweden,4,5,3,12,2000-01-01,561,172,182,207
855,Norway,4,3,3,10,2000-01-01,367,128,130,109
856,Ethiopia,4,1,3,8,2000-01-01,24,12,2,10
849,Hungary,8,6,3,17,2000-01-01,441,149,133,159
839,People's Republic of China,28,16,14,58,2000-01-01,236,80,89,67
877,Nigeria,1,2,0,3,2000-01-01,17,3,7,7
879,Uzbekistan,1,1,2,4,2000-01-01,7,2,2,3
902,Uruguay,0,1,0,1,2000-01-01,10,2,2,6
903,Vietnam,0,1,0,1,2000-01-01,1,0,1,0
904,Georgia,0,0,6,6,2000-01-01,8,0,0,8
905,Costa Rica,0,0,2,2,2000-01-01,4,1,1,2
906,Portugal,0,0,2,2,2000-01-01,17,3,4,10
907,Armenia,0,0,1,1,2000-01-01,3,1,1,1
908,Barbados,0,0,1,1,2000-01-01,1,0,0,1
909,Chile,0,0,1,1,2000-01-01,9,0,6,3
910,Iceland,0,0,1,1,2000-01-01,3,0,1,2
911,India,0,0,1,1,2000-01-01,16,8,3,5
912,Israel,0,0,1,1,2000-01-01,4,0,1,3
913,Kuwait,0,0,1,1,2000-01-01,1,0,0,1
914,Kyrgyzstan,0,0,1,1,2000-01-01,1,0,0,1
915,North Macedonia,0,0,1,1,2000-01-01,1,0,0,1
916,Qatar,0,0,1,1,2000-01-01,2,0,0,2
901,Sri Lanka,0,1,0,1,2000-01-01,2,0,2,0
900,Ireland,0,1,0,1,2000-01-01,23,8,7,8
899,Trinidad and Tobago,0,1,1,2,2000-01-01,11,1,3,7
898,Republic of Moldova,0,1,1,2,2000-01-01,4,0,2,2
880,Latvia,1,1,1,3,2000-01-01,10,1,6,3
881,Serbia and Montenegro,1,1,1,3,2000-01-01,7,2,2,3
882,New Zealand,1,0,3,4,2000-01-01,73,30,13,30
883,Estonia,1,0,2,3,2000-01-01,26,8,6,12
884,Thailand,1,0,2,3,2000-01-01,9,2,1,6
885,Croatia,1,0,1,2,2000-01-01,7,2,2,3
886,Cameroon,1,0,0,1,2000-01-01,3,1,1,1
878,Algeria,1,1,3,5,2000-01-01,12,4,1,7
887,Colombia,1,0,0,1,2000-01-01,7,1,2,4
891,Belgium,0,2,3,5,2000-01-01,150,39,54,57
892,South Africa,0,2,3,5,2000-01-01,65,19,21,25
893,Argentina,0,2,2,4,2000-01-01,54,13,23,18
894,Chinese Taipei,0,1,4,5,2000-01-01,10,0,4,6
895,Morocco,0,1,4,5,2000-01-01,16,4,3,9
896,Democratic People's Republic of Korea,0,1,3,4,2000-01-01,32,8,8,16
897,Kingdom of Saudi Arabia,0,1,1,2,2000-01-01,2,0,1,1
888,Mozambique,1,0,0,1,2000-01-01,2,1,0,1
838,Russian Federation,32,28,29,89,2000-01-01,201,79,67,55
843,Italy,13,8,13,34,2000-01-01,550,204,169,177
837,United States,37,24,32,93,2000-01-01,2259,923,715,621
1619,Norway,13,5,7,25,2002-01-01,392,141,135,116
1642,Slovenia,0,0,1,1,2002-01-01,10,2,2,6
1641,Belarus,0,0,1,1,2002-01-01,37,4,11,22
1640,Poland,0,1,1,2,2002-01-01,255,60,76,119
1639,Japan,0,1,1,2,2002-01-01,331,106,107,118
1638,Bulgaria,0,1,2,3,2002-01-01,200,49,83,68
1637,Sweden,0,2,5,7,2002-01-01,568,172,184,212
1635,Estonia,1,1,1,3,2002-01-01,29,9,7,13
1634,Czech Republic,1,2,0,3,2002-01-01,25,8,9,8
1633,Australia,2,0,0,2,2002-01-01,339,100,106,133
1632,Republic of Korea,2,2,0,4,2002-01-01,174,57,57,60
1631,People's Republic of China,2,2,4,8,2002-01-01,244,82,91,71
1636,Great Britain,1,0,0,1,2002-01-01,668,193,243,232
1629,Switzerland,3,2,5,10,2002-01-01,279,78,107,94
1628,Austria,3,3,10,16,2002-01-01,245,61,87,97
1627,Netherlands,3,5,0,8,2002-01-01,285,85,95,105
1626,Finland,4,2,1,7,2002-01-01,440,144,133,163
1625,Italy,4,4,5,13,2002-01-01,563,208,173,182
1624,France,4,5,2,11,2002-01-01,660,204,212,244
1623,Russian Federation,5,4,4,13,2002-01-01,214,84,71,59
1622,Canada,7,3,7,17,2002-01-01,324,82,109,133
1621,United States,8,12,11,31,2002-01-01,2290,931,727,632
1630,Croatia,3,1,0,4,2002-01-01,11,5,3,3
1620,Germany,12,16,8,36,2002-01-01,728,227,249,252
982,India,0,1,0,1,2004-01-01,17,8,4,5
981,"Hong Kong, China",0,1,0,1,2004-01-01,2,1,1,0
980,Estonia,0,1,2,3,2004-01-01,32,9,8,15
979,Slovenia,0,1,3,4,2004-01-01,14,2,3,9
978,Serbia and Montenegro,0,2,0,2,2004-01-01,9,2,4,3
973,Democratic People's Republic of Korea,0,4,1,5,2004-01-01,37,8,12,17
976,Portugal,0,2,1,3,2004-01-01,20,3,6,11
975,Mexico,0,3,1,4,2004-01-01,51,10,18,23
974,Latvia,0,4,0,4,2004-01-01,14,1,10,3
972,United Arab Emirates,1,0,0,1,2004-01-01,1,1,0,0
983,Paraguay,0,1,0,1,2004-01-01,1,0,1,0
977,Finland,0,2,0,2,2004-01-01,442,144,135,163
984,Colombia,0,0,2,2,2004-01-01,9,1,2,6
933,Norway,5,0,1,6,2004-01-01,398,146,135,117
986,Venezuela,0,0,2,2,2004-01-01,10,1,2,7
987,Eritrea,0,0,1,1,2004-01-01,1,0,0,1
988,Mongolia,0,0,1,1,2004-01-01,15,0,5,10
989,Syrian Arab Republic,0,0,1,1,2004-01-01,3,1,1,1
990,Trinidad and Tobago,0,0,1,1,2004-01-01,12,1,3,8
938,Türkiye,3,3,4,10,2004-01-01,74,36,19,19
937,Canada,3,6,3,12,2004-01-01,336,85,115,136
936,Spain,3,11,6,20,2004-01-01,98,30,39,29
935,Sweden,4,2,1,7,2004-01-01,575,176,186,213
934,Netherlands,4,9,9,22,2004-01-01,307,89,104,114
971,Dominican Republic,1,0,0,1,2004-01-01,2,1,0,1
932,Brazil,5,2,3,10,2004-01-01,76,17,21,38
931,Greece,6,6,4,16,2004-01-01,107,31,41,35
930,Romania,8,5,6,19,2004-01-01,285,82,88,115
985,Nigeria,0,0,2,2,2004-01-01,19,3,7,9
970,Cameroon,1,0,0,1,2004-01-01,4,2,1,1
958,Czech Republic,1,3,5,9,2004-01-01,34,9,12,13
968,Israel,1,0,1,2,2004-01-01,6,1,1,4
929,Ukraine,8,5,9,22,2004-01-01,71,21,18,32
940,New Zealand,3,2,0,5,2004-01-01,78,33,15,30
941,Thailand,3,1,4,8,2004-01-01,17,5,2,10
942,Belarus,2,5,6,13,2004-01-01,50,6,16,28
943,Austria,2,4,1,7,2004-01-01,252,63,91,98
944,Ethiopia,2,3,2,7,2004-01-01,31,14,5,12
945,Islamic Republic of Iran,2,2,2,6,2004-01-01,46,10,15,21
946,Slovakia,2,2,2,6,2004-01-01,14,4,6,4
947,Chinese Taipei,2,2,1,5,2004-01-01,15,2,6,7
948,Georgia,2,2,0,4,2004-01-01,12,2,2,8
949,Bulgaria,2,1,9,12,2004-01-01,212,51,84,77
950,Denmark,2,1,5,8,2004-01-01,172,39,67,66
951,Jamaica,2,1,2,5,2004-01-01,44,7,23,14
952,Uzbekistan,2,1,2,5,2004-01-01,12,4,3,5
953,Morocco,2,1,0,3,2004-01-01,19,6,4,9
954,Argentina,2,0,4,6,2004-01-01,60,15,23,22
955,Chile,2,0,1,3,2004-01-01,12,2,6,4
956,Kazakhstan,1,4,3,8,2004-01-01,31,8,14,9
957,Kenya,1,4,2,7,2004-01-01,61,17,24,20
959,South Africa,1,3,2,6,2004-01-01,71,20,24,27
960,Croatia,1,2,2,5,2004-01-01,16,6,5,5
961,Lithuania,1,2,0,3,2004-01-01,11,4,2,5
962,Egypt,1,1,3,5,2004-01-01,21,7,6,8
963,Switzerland,1,1,3,5,2004-01-01,284,79,108,97
964,Indonesia,1,1,2,4,2004-01-01,20,5,8,7
939,Poland,3,2,5,10,2004-01-01,265,63,78,124
965,Zimbabwe,1,1,1,3,2004-01-01,4,2,1,1
966,Azerbaijan,1,0,4,5,2004-01-01,9,3,1,5
967,Belgium,1,0,2,3,2004-01-01,153,40,54,59
969,The Bahamas,1,0,1,2,2004-01-01,9,4,1,4
928,Hungary,8,6,3,17,2004-01-01,458,157,139,162
919,Russian Federation,28,26,36,90,2004-01-01,304,112,97,95
926,Great Britain,9,9,12,30,2004-01-01,698,202,252,244
925,Republic of Korea,9,12,9,30,2004-01-01,204,66,69,69
924,Italy,10,11,11,32,2004-01-01,595,218,184,193
923,France,11,9,13,33,2004-01-01,693,215,221,257
922,Germany,13,16,20,49,2004-01-01,777,240,265,272
921,Japan,16,9,12,37,2004-01-01,368,122,116,130
920,Australia,17,16,17,50,2004-01-01,389,117,122,150
927,Cuba,9,7,11,27,2004-01-01,164,64,51,49
918,People's Republic of China,32,17,14,63,2004-01-01,307,114,108,85
917,United States,36,39,26,101,2004-01-01,2391,967,766,658
1657,Czech Republic,1,2,1,4,2006-01-01,38,10,14,14
1658,Croatia,1,2,0,3,2006-01-01,19,7,7,5
1659,Australia,1,0,1,2,2006-01-01,391,118,122,151
1660,Japan,1,0,0,1,2006-01-01,369,123,116,130
1661,Finland,0,6,3,9,2006-01-01,451,144,141,166
1667,Latvia,0,0,1,1,2006-01-01,15,1,10,4
1664,Bulgaria,0,1,0,1,2006-01-01,213,51,85,77
1665,Slovakia,0,1,0,1,2006-01-01,15,4,7,4
1666,Ukraine,0,0,2,2,2006-01-01,73,21,18,34
1656,People's Republic of China,2,4,5,11,2006-01-01,318,116,112,90
1663,Belarus,0,1,0,1,2006-01-01,51,6,17,28
1655,Norway,2,8,9,19,2006-01-01,417,148,143,126
1662,Poland,0,1,1,2,2006-01-01,267,63,79,125
1653,Netherlands,3,2,4,9,2006-01-01,316,92,106,118
1654,Estonia,3,0,0,3,2006-01-01,35,12,8,15
1644,United States,9,9,7,25,2006-01-01,2416,976,775,665
1645,Austria,9,7,7,23,2006-01-01,275,72,98,105
1646,Russian Federation,8,6,8,22,2006-01-01,326,120,103,103
1647,Sweden,7,2,5,14,2006-01-01,589,183,188,218
1643,Germany,11,12,6,29,2006-01-01,806,251,277,278
1649,Republic of Korea,6,3,2,11,2006-01-01,215,72,72,71
1650,Italy,5,0,6,11,2006-01-01,606,223,184,199
1651,Switzerland,4,4,4,12,2006-01-01,296,83,112,101
1652,France,3,2,4,9,2006-01-01,702,218,223,261
1648,Canada,6,9,6,21,2006-01-01,357,91,124,142
1057,Serbia,0,1,2,3,2008-01-01,3,0,1,2
1066,Samoa,0,1,0,1,2008-01-01,1,0,1,0
1065,Malaysia,0,1,0,1,2008-01-01,4,0,2,2
1064,Iceland,0,1,0,1,2008-01-01,4,0,2,2
1063,Ecuador,0,1,0,1,2008-01-01,2,1,1,0
1061,The Bahamas,0,1,1,2,2008-01-01,11,4,2,5
1060,Tajikistan,0,1,1,2,2008-01-01,2,0,1,1
1059,Morocco,0,1,1,2,2008-01-01,21,6,5,10
1058,Algeria,0,1,1,2,2008-01-01,14,4,2,8
1067,Singapore,0,1,0,1,2008-01-01,2,0,2,0
1062,Chile,0,1,0,1,2008-01-01,13,2,7,4
1068,South Africa,0,1,0,1,2008-01-01,72,20,25,27
1073,Israel,0,0,1,1,2008-01-01,7,1,1,5
1070,Vietnam,0,1,0,1,2008-01-01,2,0,2,0
1022,Thailand,2,2,2,6,2008-01-01,23,7,4,12
1071,Egypt,0,0,2,2,2008-01-01,23,7,6,10
1072,Afghanistan,0,0,1,1,2008-01-01,1,0,0,1
1074,Mauritius,0,0,1,1,2008-01-01,1,0,0,1
1075,Republic of Moldova,0,0,1,1,2008-01-01,5,0,2,3
1076,Togo,0,0,1,1,2008-01-01,1,0,0,1
1077,Venezuela,0,0,1,1,2008-01-01,11,1,2,8
1025,Argentina,2,0,4,6,2008-01-01,66,17,23,26
1024,Switzerland,2,1,4,7,2008-01-01,303,85,113,105
1023,Mongolia,2,2,0,4,2008-01-01,19,2,7,10
1056,Kyrgyzstan,0,1,2,3,2008-01-01,4,0,1,3
1069,Sudan,0,1,0,1,2008-01-01,1,0,1,0
1055,Ireland,0,1,2,3,2008-01-01,26,8,8,10
1044,Panama,1,0,0,1,2008-01-01,3,1,0,2
1029,Slovenia,1,2,2,5,2008-01-01,19,3,5,11
1054,Austria,0,1,2,3,2008-01-01,278,72,99,107
1021,Democratic People's Republic of Korea,2,2,2,6,2008-01-01,43,10,14,19
1053,Uzbekistan,0,1,3,4,2008-01-01,16,4,4,8
1052,Armenia,0,1,4,5,2008-01-01,8,1,2,5
1051,Greece,0,2,1,3,2008-01-01,110,31,43,36
1050,Colombia,0,2,1,3,2008-01-01,12,1,4,7
1049,Croatia,0,2,3,5,2008-01-01,24,7,9,8
1048,Nigeria,0,3,2,5,2008-01-01,24,3,10,11
1047,Lithuania,0,3,2,5,2008-01-01,16,4,5,7
1046,Sweden,0,4,1,5,2008-01-01,594,183,192,219
1045,Tunisia,1,0,0,1,2008-01-01,7,2,2,3
1043,Cameroon,1,0,0,1,2008-01-01,5,3,1,1
1042,Islamic Republic of Iran,1,0,1,2,2008-01-01,48,11,15,22
1041,India,1,0,2,3,2008-01-01,20,9,4,7
1040,Trinidad and Tobago,1,1,0,2,2008-01-01,14,2,4,8
1039,Portugal,1,1,0,2,2008-01-01,22,4,7,11
1038,Estonia,1,1,0,2,2008-01-01,37,13,9,15
1037,Dominican Republic,1,1,0,2,2008-01-01,4,2,1,1
1036,Latvia,1,1,1,3,2008-01-01,18,2,11,5
1035,Finland,1,1,2,4,2008-01-01,455,145,142,168
1034,Chinese Taipei,1,1,2,4,2008-01-01,19,3,7,9
1033,Türkiye,1,1,3,5,2008-01-01,79,37,20,22
1032,Bulgaria,1,1,3,5,2008-01-01,218,52,86,80
1031,Indonesia,1,1,4,6,2008-01-01,26,6,9,11
1030,Azerbaijan,1,1,4,6,2008-01-01,15,4,2,9
1028,Zimbabwe,1,3,0,4,2008-01-01,8,3,4,1
1020,Denmark,2,2,3,7,2008-01-01,179,41,69,69
1009,Cuba,3,10,17,30,2008-01-01,194,67,61,66
1018,Georgia,3,2,2,7,2008-01-01,19,5,4,10
1019,Kazakhstan,2,3,4,9,2008-01-01,40,10,17,13
991,People's Republic of China,48,22,30,100,2008-01-01,418,164,134,120
992,United States,36,39,37,112,2008-01-01,2528,1012,814,702
993,Russian Federation,24,13,23,60,2008-01-01,386,144,116,126
994,Great Britain,19,13,19,51,2008-01-01,749,221,265,263
995,Germany,16,11,14,41,2008-01-01,847,267,288,292
996,Australia,14,15,17,46,2008-01-01,437,132,137,168
997,Republic of Korea,13,11,8,32,2008-01-01,247,85,83,79
998,Japan,9,8,8,25,2008-01-01,394,132,124,138
999,Italy,8,9,10,27,2008-01-01,633,231,193,209
1000,France,7,16,20,43,2008-01-01,745,225,239,281
1001,Netherlands,7,5,4,16,2008-01-01,332,99,111,122
1002,Ukraine,7,4,11,22,2008-01-01,95,28,22,45
1003,Kenya,6,4,6,16,2008-01-01,77,23,28,26
1027,Belgium,2,0,0,2,2008-01-01,155,42,54,59
1005,Jamaica,5,4,2,11,2008-01-01,55,12,27,16
1004,Spain,5,11,3,19,2008-01-01,117,35,50,32
1017,New Zealand,3,2,4,9,2008-01-01,87,36,17,34
1016,Slovakia,3,3,0,6,2008-01-01,21,7,10,4
1015,Czech Republic,3,3,1,7,2008-01-01,45,13,17,15
1014,Belarus,3,4,7,14,2008-01-01,65,9,21,35
1013,Brazil,3,4,10,17,2008-01-01,93,20,25,48
1026,Mexico,2,0,2,4,2008-01-01,55,12,18,25
1011,Hungary,3,5,2,10,2008-01-01,468,160,144,164
1010,Canada,3,9,8,20,2008-01-01,377,94,133,150
1008,Romania,4,1,4,9,2008-01-01,294,86,89,119
1007,Ethiopia,4,2,1,7,2008-01-01,38,18,7,13
1006,Poland,4,5,2,11,2008-01-01,278,67,84,127
1012,Norway,3,5,1,9,2008-01-01,426,151,148,127
1683,Italy,1,1,3,5,2010-01-01,638,232,194,212
1684,Belarus,1,1,1,3,2010-01-01,68,10,22,36
1685,Slovakia,1,1,1,3,2010-01-01,24,8,11,5
1686,Great Britain,1,0,0,1,2010-01-01,750,222,265,263
1689,Slovenia,0,2,1,3,2010-01-01,22,3,7,12
1688,Croatia,0,2,1,3,2010-01-01,27,7,11,9
1690,Latvia,0,2,0,2,2010-01-01,20,2,13,5
1691,Finland,0,1,4,5,2010-01-01,460,145,143,172
1692,Estonia,0,1,0,1,2010-01-01,38,13,10,15
1693,Kazakhstan,0,1,0,1,2010-01-01,41,10,18,13
1687,Japan,0,3,2,5,2010-01-01,399,132,127,140
1682,Poland,1,3,2,6,2010-01-01,284,68,87,129
1679,France,2,3,6,11,2010-01-01,756,227,242,287
1680,Australia,2,1,0,3,2010-01-01,440,134,138,168
1678,Russian Federation,3,5,7,15,2010-01-01,401,147,121,133
1677,Netherlands,4,1,3,8,2010-01-01,340,103,112,125
1676,Austria,4,6,6,16,2010-01-01,294,76,105,113
1674,People's Republic of China,5,2,4,11,2010-01-01,429,169,136,124
1673,Switzerland,6,0,3,9,2010-01-01,312,91,113,108
1672,Republic of Korea,6,6,2,14,2010-01-01,261,91,89,81
1671,Norway,9,8,6,23,2010-01-01,449,160,156,133
1670,United States,9,15,13,37,2010-01-01,2565,1021,829,715
1669,Germany,10,13,7,30,2010-01-01,877,277,301,299
1668,Canada,14,7,5,26,2010-01-01,403,108,140,155
1681,Czech Republic,2,0,4,6,2010-01-01,51,15,17,19
1675,Sweden,5,2,4,11,2010-01-01,605,188,194,223
1113,Tunisia,2,0,1,3,2012-01-01,10,4,2,4
1114,Sweden,1,4,3,8,2012-01-01,613,189,198,226
1079,People's Republic of China,38,31,22,91,2012-01-01,520,207,167,146
1138,Finland,0,2,1,3,2012-01-01,463,145,145,173
1137,Bulgaria,0,2,1,3,2012-01-01,221,52,88,81
1136,Thailand,0,2,2,4,2012-01-01,27,7,6,14
1134,India,0,2,4,6,2012-01-01,26,9,6,11
1133,Egypt,0,3,1,4,2012-01-01,27,7,9,11
1132,Venezuela,1,0,0,1,2012-01-01,12,2,2,8
1131,Uganda,1,0,0,1,2012-01-01,7,2,3,2
1130,The Bahamas,1,0,0,1,2012-01-01,12,5,2,5
1129,Grenada,1,0,0,1,2012-01-01,1,1,0,0
1128,Bahrain,1,0,0,1,2012-01-01,1,1,0,0
1127,Algeria,1,0,0,1,2012-01-01,15,5,2,8
1126,Latvia,1,0,1,2,2012-01-01,22,3,13,6
1125,Chinese Taipei,1,0,1,2,2012-01-01,21,4,7,10
1124,Dominican Republic,1,1,0,2,2012-01-01,6,3,2,1
1123,Türkiye,1,1,1,3,2012-01-01,82,38,21,23
1122,Trinidad and Tobago,1,1,2,4,2012-01-01,18,3,5,10
1121,Slovenia,1,1,2,4,2012-01-01,26,4,8,14
1120,Serbia,1,1,2,4,2012-01-01,7,1,2,4
1119,Argentina,1,1,2,4,2012-01-01,70,18,24,28
1118,Ireland,1,1,4,6,2012-01-01,32,9,9,14
1117,Georgia,1,2,3,6,2012-01-01,25,6,6,13
1139,Indonesia,0,2,1,3,2012-01-01,29,6,11,12
1140,Slovakia,0,1,3,4,2012-01-01,28,8,12,8
1141,Belgium,0,1,2,3,2012-01-01,158,42,55,61
1142,Armenia,0,1,1,2,2012-01-01,10,1,3,6
1078,United States,47,27,30,104,2012-01-01,2669,1068,856,745
1163,Vietnam,0,0,1,1,2012-01-01,3,0,2,1
1162,Tajikistan,0,0,1,1,2012-01-01,3,0,1,2
1161,Morocco,0,0,1,1,2012-01-01,22,6,5,11
1160,Kuwait,0,0,1,1,2012-01-01,2,0,0,2
1159,Kingdom of Saudi Arabia,0,0,1,1,2012-01-01,3,0,1,2
1158,"Hong Kong, China",0,0,1,1,2012-01-01,3,1,1,1
1157,Cameroon,0,0,1,1,2012-01-01,6,3,1,2
1156,Afghanistan,0,0,1,1,2012-01-01,2,0,0,2
1155,Singapore,0,0,2,2,2012-01-01,4,0,2,2
1116,Mexico,1,3,4,8,2012-01-01,63,13,21,29
1154,Greece,0,0,2,2,2012-01-01,112,31,43,38
1152,Portugal,0,1,0,1,2012-01-01,23,4,8,11
1151,Montenegro,0,1,0,1,2012-01-01,1,0,1,0
1150,Guatemala,0,1,0,1,2012-01-01,1,0,1,0
1149,Gabon,0,1,0,1,2012-01-01,1,0,1,0
1148,Cyprus,0,1,0,1,2012-01-01,1,0,1,0
1147,Botswana,0,1,0,1,2012-01-01,1,0,1,0
1146,Qatar,0,1,1,2,2012-01-01,4,0,1,3
1145,Puerto Rico,0,1,1,2,2012-01-01,8,0,2,6
1144,Malaysia,0,1,1,2,2012-01-01,6,0,3,3
1143,Estonia,0,1,1,2,2012-01-01,40,13,11,16
1153,Uzbekistan,0,0,3,3,2012-01-01,19,4,4,11
1115,Colombia,1,3,5,9,2012-01-01,21,2,7,12
1135,Mongolia,0,2,3,5,2012-01-01,24,2,9,13
1084,France,11,11,13,35,2012-01-01,791,238,253,300
1107,Denmark,2,4,3,9,2012-01-01,188,43,73,72
1108,Romania,2,4,1,7,2012-01-01,301,88,93,120
1104,Canada,2,6,10,18,2012-01-01,421,110,146,165
1109,Azerbaijan,2,2,5,9,2012-01-01,24,6,4,14
1110,Switzerland,2,2,0,4,2012-01-01,316,93,115,108
1111,Norway,2,1,1,4,2012-01-01,453,162,157,134
1112,Lithuania,2,0,3,5,2012-01-01,21,6,5,10
1103,Croatia,3,1,2,6,2012-01-01,33,10,12,11
1102,Kazakhstan,3,1,7,11,2012-01-01,52,13,19,20
1101,Ethiopia,3,2,3,8,2012-01-01,46,21,9,16
1100,Poland,3,2,6,11,2012-01-01,295,71,89,135
1099,Brazil,3,5,9,17,2012-01-01,110,23,30,57
1098,Democratic People's Republic of Korea,4,0,3,7,2012-01-01,50,14,14,22
1097,South Africa,4,1,1,6,2012-01-01,78,24,26,28
1096,Czech Republic,4,3,4,11,2012-01-01,62,19,20,23
1095,Jamaica,4,5,3,12,2012-01-01,67,16,32,19
1094,Spain,4,10,6,20,2012-01-01,137,39,60,38
1080,Great Britain,29,18,18,65,2012-01-01,815,251,283,281
1081,Russian Federation,19,21,26,66,2012-01-01,467,166,142,159
1082,Republic of Korea,13,9,8,30,2012-01-01,291,104,98,89
1083,Germany,11,20,13,44,2012-01-01,921,288,321,312
1085,Australia,8,15,12,35,2012-01-01,475,142,153,180
1106,Kenya,2,4,7,13,2012-01-01,90,25,32,33
1086,Italy,8,9,11,28,2012-01-01,666,240,203,223
1088,Japan,7,14,17,38,2012-01-01,437,139,141,157
1089,Islamic Republic of Iran,7,5,1,13,2012-01-01,61,18,20,23
1090,Netherlands,6,6,8,20,2012-01-01,360,109,118,133
1091,New Zealand,6,2,5,13,2012-01-01,100,42,19,39
1092,Ukraine,5,4,10,19,2012-01-01,114,33,26,55
1093,Cuba,5,3,7,15,2012-01-01,209,72,64,73
1087,Hungary,8,4,6,18,2012-01-01,486,168,148,170
1105,Belarus,2,5,3,10,2012-01-01,78,12,27,39
1703,France,4,4,7,15,2014-01-01,806,242,257,307
1702,Austria,4,8,5,17,2014-01-01,311,80,113,118
1719,Kazakhstan,0,0,1,1,2014-01-01,53,13,19,21
1701,Belarus,5,0,1,6,2014-01-01,84,17,27,40
1700,Switzerland,7,2,2,11,2014-01-01,327,100,117,110
1699,Germany,8,6,5,19,2014-01-01,940,296,327,317
1698,Netherlands,8,7,9,24,2014-01-01,384,117,125,142
1697,United States,9,9,10,28,2014-01-01,2697,1077,865,755
1696,Canada,10,10,5,25,2014-01-01,446,120,156,170
1694,Norway,11,6,9,26,2014-01-01,479,173,163,143
1704,Poland,4,1,1,6,2014-01-01,301,75,90,136
1705,People's Republic of China,3,4,2,9,2014-01-01,529,210,171,148
1706,Republic of Korea,3,3,2,8,2014-01-01,299,107,101,91
1707,Sweden,2,7,6,15,2014-01-01,628,191,205,232
1695,Russian Federation,10,10,9,29,2014-01-01,496,176,152,168
1709,Slovenia,2,2,4,8,2014-01-01,34,6,10,18
1710,Japan,1,4,3,8,2014-01-01,445,140,145,160
1711,Finland,1,3,1,5,2014-01-01,468,146,148,174
1712,Great Britain,1,1,3,5,2014-01-01,820,252,284,284
1718,Croatia,0,1,0,1,2014-01-01,34,10,13,11
1713,Latvia,1,1,3,5,2014-01-01,27,4,14,9
1714,Ukraine,1,0,1,2,2014-01-01,116,34,26,56
1715,Slovakia,1,0,0,1,2014-01-01,29,9,12,8
1716,Italy,0,2,6,8,2014-01-01,674,240,205,229
1717,Australia,0,2,1,3,2014-01-01,478,142,155,181
1708,Czech Republic,2,4,3,9,2014-01-01,71,21,24,26
1199,Thailand,2,2,2,6,2016-01-01,33,9,8,16
1198,Belgium,2,2,2,6,2016-01-01,164,44,57,63
1197,Democratic People's Republic of Korea,2,3,2,7,2016-01-01,57,16,17,24
1196,Poland,2,3,6,11,2016-01-01,312,77,93,142
1191,Sweden,2,6,3,11,2016-01-01,639,193,211,235
1194,Ukraine,2,5,4,11,2016-01-01,127,36,31,60
1193,Kazakhstan,2,5,10,17,2016-01-01,70,15,24,31
1192,South Africa,2,6,2,10,2016-01-01,88,26,32,30
1200,Slovakia,2,2,0,4,2016-01-01,33,11,14,8
1195,Serbia,2,4,2,8,2016-01-01,15,3,6,6
1201,Georgia,2,1,4,7,2016-01-01,32,8,7,17
1213,Chinese Taipei,1,0,2,3,2016-01-01,24,5,7,12
1203,Belarus,1,4,4,9,2016-01-01,93,18,31,44
1205,Armenia,1,3,0,4,2016-01-01,14,2,6,6
1206,Czech Republic,1,2,7,10,2016-01-01,81,22,26,33
1207,Ethiopia,1,2,5,8,2016-01-01,54,22,11,21
1208,Slovenia,1,2,1,4,2016-01-01,38,7,12,19
1209,Indonesia,1,2,0,3,2016-01-01,32,7,13,12
1210,Romania,1,1,2,4,2016-01-01,305,89,94,122
1211,Bahrain,1,1,0,2,2016-01-01,3,2,1,0
1212,Vietnam,1,1,0,2,2016-01-01,5,1,3,1
1190,Denmark,2,6,7,15,2016-01-01,203,45,79,79
1202,Azerbaijan,1,7,10,18,2016-01-01,42,7,11,24
1189,Argentina,3,1,0,4,2016-01-01,74,21,25,28
1178,Kenya,6,6,1,13,2016-01-01,103,31,38,34
1187,Islamic Republic of Iran,3,1,4,8,2016-01-01,69,21,21,27
1164,United States,46,37,38,121,2016-01-01,2818,1123,902,793
1165,Great Britain,27,23,17,67,2016-01-01,887,279,307,301
1166,People's Republic of China,26,18,26,70,2016-01-01,599,236,189,174
1167,Russian Federation,19,17,20,56,2016-01-01,552,195,169,188
1168,Germany,17,10,15,42,2016-01-01,982,313,337,332
1169,Japan,12,8,21,41,2016-01-01,486,152,153,181
1170,France,10,18,14,42,2016-01-01,848,252,275,321
1171,Republic of Korea,9,3,9,21,2016-01-01,320,116,104,100
1172,Italy,8,12,8,28,2016-01-01,702,248,217,237
1173,Australia,8,11,10,29,2016-01-01,507,150,166,191
1174,Netherlands,8,7,4,19,2016-01-01,403,125,132,146
1175,Hungary,8,3,4,15,2016-01-01,501,176,151,174
1176,Brazil,7,6,6,19,2016-01-01,129,30,36,63
1177,Spain,7,4,6,17,2016-01-01,154,46,64,44
1214,Côte d'Ivoire,1,0,1,2,2016-01-01,3,1,1,1
1179,Jamaica,6,3,2,11,2016-01-01,78,22,35,21
1180,Croatia,5,3,2,10,2016-01-01,44,15,16,13
1181,Cuba,5,2,4,11,2016-01-01,220,77,66,77
1182,New Zealand,4,9,5,18,2016-01-01,118,46,28,44
1183,Canada,4,3,15,22,2016-01-01,468,124,159,185
1184,Uzbekistan,4,2,7,13,2016-01-01,32,8,6,18
1185,Colombia,3,2,3,8,2016-01-01,29,5,9,15
1186,Switzerland,3,2,2,7,2016-01-01,334,103,119,112
1188,Greece,3,1,2,6,2016-01-01,118,34,44,40
1215,Individual Olympic Athletes,1,0,1,2,2016-01-01,5,1,1,3
1204,Türkiye,1,3,4,8,2016-01-01,90,39,24,27
1217,Fiji,1,0,0,1,2016-01-01,1,1,0,0
1236,Qatar,0,1,0,1,2016-01-01,5,0,2,3
1237,Norway,0,0,4,4,2016-01-01,483,173,163,147
1238,Egypt,0,0,3,3,2016-01-01,30,7,9,14
1239,Tunisia,0,0,3,3,2016-01-01,13,4,2,7
1241,Austria,0,0,1,1,2016-01-01,312,80,113,119
1216,The Bahamas,1,0,1,2,2016-01-01,14,6,2,6
1235,Philippines,0,1,0,1,2016-01-01,10,0,3,7
1242,Dominican Republic,0,0,1,1,2016-01-01,7,3,2,2
1244,Finland,0,0,1,1,2016-01-01,469,146,148,175
1245,Morocco,0,0,1,1,2016-01-01,23,6,5,12
1246,Nigeria,0,0,1,1,2016-01-01,25,3,10,12
1247,Portugal,0,0,1,1,2016-01-01,24,4,8,12
1248,Trinidad and Tobago,0,0,1,1,2016-01-01,19,3,5,11
1249,United Arab Emirates,0,0,1,1,2016-01-01,2,1,0,1
1243,Estonia,0,0,1,1,2016-01-01,41,13,11,17
1234,Niger,0,1,0,1,2016-01-01,2,0,1,1
1240,Israel,0,0,2,2,2016-01-01,9,1,1,7
1232,Burundi,0,1,0,1,2016-01-01,2,1,1,0
1218,Jordan,1,0,0,1,2016-01-01,1,1,0,0
1233,Grenada,0,1,0,1,2016-01-01,2,1,1,0
1220,Puerto Rico,1,0,0,1,2016-01-01,9,1,2,6
1221,Singapore,1,0,0,1,2016-01-01,5,1,2,2
1222,Tajikistan,1,0,0,1,2016-01-01,4,1,1,2
1223,Malaysia,0,4,1,5,2016-01-01,11,0,7,4
1224,Mexico,0,3,2,5,2016-01-01,68,13,24,31
1219,Kosovo,1,0,0,1,2016-01-01,1,1,0,0
1226,Algeria,0,2,0,2,2016-01-01,17,5,4,8
1227,Ireland,0,2,0,2,2016-01-01,34,9,11,14
1228,Lithuania,0,1,3,4,2016-01-01,25,6,6,13
1229,Bulgaria,0,1,2,3,2016-01-01,224,52,89,83
1230,India,0,1,1,2,2016-01-01,28,9,7,12
1231,Mongolia,0,1,1,2,2016-01-01,26,2,10,14
1225,Venezuela,0,2,1,3,2016-01-01,15,2,4,9
1731,Italy,3,2,5,10,2018-01-01,712,251,219,242
1730,Japan,4,5,4,13,2018-01-01,499,156,158,185
1729,Austria,5,3,6,14,2018-01-01,326,85,116,125
1728,France,5,4,6,15,2018-01-01,863,257,279,327
1727,Switzerland,5,6,4,15,2018-01-01,349,108,125,116
1726,Republic of Korea,5,8,4,17,2018-01-01,337,121,112,104
1723,United States,9,8,6,23,2018-01-01,2841,1132,910,799
1724,Netherlands,8,6,6,20,2018-01-01,423,133,138,152
1722,Canada,11,8,10,29,2018-01-01,497,135,167,195
1721,Germany,14,10,7,31,2018-01-01,1013,327,347,339
1720,Norway,14,14,11,39,2018-01-01,522,187,177,158
1732,ROC,2,6,9,17,2018-01-01,17,2,6,9
1725,Sweden,7,6,1,14,2018-01-01,653,200,217,236
1733,Czech Republic,2,2,3,7,2018-01-01,88,24,28,36
1735,People's Republic of China,1,6,2,9,2018-01-01,608,237,195,176
1749,Liechtenstein,0,0,1,1,2018-01-01,10,2,2,6
1748,Latvia,0,0,1,1,2018-01-01,28,4,14,10
1747,Kazakhstan,0,0,1,1,2018-01-01,71,15,24,32
1746,Spain,0,0,2,2,2018-01-01,156,46,64,46
1745,New Zealand,0,0,2,2,2018-01-01,120,46,28,46
1734,Belarus,2,1,0,3,2018-01-01,96,20,32,44
1743,Slovenia,0,1,1,2,2018-01-01,40,7,13,20
1744,Belgium,0,1,0,1,2018-01-01,165,44,58,63
1741,Ukraine,1,0,0,1,2018-01-01,128,37,31,60
1740,Hungary,1,0,0,1,2018-01-01,502,177,151,174
1739,Poland,1,0,1,2,2018-01-01,314,78,93,143
1738,Great Britain,1,0,4,5,2018-01-01,892,280,307,305
1737,Finland,1,1,4,6,2018-01-01,475,147,149,179
1736,Slovakia,1,2,0,3,2018-01-01,36,12,16,8
1742,Australia,0,2,1,3,2018-01-01,510,150,168,192
1324,Malaysia,0,1,1,2,2020-01-01,13,0,8,5
1323,Jordan,0,1,1,2,2020-01-01,3,1,1,1
1322,San Marino,0,1,2,3,2020-01-01,3,0,1,2
1321,Argentina,0,1,2,3,2020-01-01,77,21,26,30
1320,Mongolia,0,1,3,4,2020-01-01,30,2,11,17
1313,Morocco,1,0,0,1,2020-01-01,24,7,5,12
1318,Armenia,0,2,2,4,2020-01-01,18,2,8,8
1317,Dominican Republic,0,3,2,5,2020-01-01,12,3,5,4
1316,Azerbaijan,0,3,4,7,2020-01-01,49,7,14,28
1315,Colombia,0,4,1,5,2020-01-01,34,5,13,16
1314,Puerto Rico,1,0,0,1,2020-01-01,10,2,2,6
1325,Nigeria,0,1,1,2,2020-01-01,27,3,11,13
1319,Kyrgyzstan,0,2,1,3,2020-01-01,7,0,3,4
1326,Bahrain,0,1,0,1,2020-01-01,4,2,2,0
1334,Finland,0,0,2,2,2020-01-01,477,147,149,181
1328,Lithuania,0,1,0,1,2020-01-01,26,6,7,13
1329,Namibia,0,1,0,1,2020-01-01,5,0,5,0
1330,North Macedonia,0,1,0,1,2020-01-01,2,0,1,1
1331,Turkmenistan,0,1,0,1,2020-01-01,1,0,1,0
1332,Kazakhstan,0,0,8,8,2020-01-01,79,15,24,40
1333,Mexico,0,0,4,4,2020-01-01,72,13,24,35
1335,Botswana,0,0,1,1,2020-01-01,2,0,1,1
1336,Burkina Faso,0,0,1,1,2020-01-01,1,0,0,1
1337,Côte d'Ivoire,0,0,1,1,2020-01-01,4,1,1,2
1338,Ghana,0,0,1,1,2020-01-01,5,0,1,4
1339,Grenada,0,0,1,1,2020-01-01,3,1,1,1
1340,Kuwait,0,0,1,1,2020-01-01,3,0,0,3
1341,Republic of Moldova,0,0,1,1,2020-01-01,6,0,2,4
1342,Syrian Arab Republic,0,0,1,1,2020-01-01,4,1,1,2
1327,Kingdom of Saudi Arabia,0,1,0,1,2020-01-01,4,0,2,2
1312,Bermuda,1,0,0,1,2020-01-01,2,1,0,1
1308,Estonia,1,0,1,2,2020-01-01,43,14,11,18
1310,Latvia,1,0,1,2,2020-01-01,30,5,14,11
1276,Islamic Republic of Iran,3,2,2,7,2020-01-01,76,24,23,29
1275,Croatia,3,3,2,8,2020-01-01,52,18,19,15
1274,Denmark,3,4,4,11,2020-01-01,214,48,83,83
1273,Switzerland,3,4,6,13,2020-01-01,362,111,129,122
1272,Sweden,3,6,0,9,2020-01-01,662,203,223,236
1271,Spain,3,8,6,17,2020-01-01,173,49,72,52
1270,Jamaica,4,1,4,9,2020-01-01,87,26,36,25
1269,Norway,4,2,2,8,2020-01-01,530,191,179,160
1268,Kenya,4,4,2,10,2020-01-01,113,35,42,36
1267,Czech Republic,4,4,3,11,2020-01-01,99,28,32,39
1266,Poland,4,5,5,14,2020-01-01,328,82,98,148
1311,Thailand,1,0,1,2,2020-01-01,35,10,8,17
1264,Hungary,6,7,7,20,2020-01-01,522,183,158,181
1263,Cuba,7,3,5,15,2020-01-01,235,84,69,82
1262,New Zealand,7,6,7,20,2020-01-01,140,53,34,53
1261,Brazil,7,6,8,21,2020-01-01,150,37,42,71
1260,Canada,7,6,11,24,2020-01-01,521,142,173,206
1259,Italy,10,10,20,40,2020-01-01,752,261,229,262
1258,Germany,10,11,16,37,2020-01-01,1050,337,358,355
1257,France,10,12,11,33,2020-01-01,896,267,291,338
1256,Netherlands,10,12,14,36,2020-01-01,459,143,150,166
1255,Australia,17,7,22,46,2020-01-01,556,167,175,214
1254,ROC,20,28,23,71,2020-01-01,88,22,34,32
1253,Great Britain,22,20,22,64,2020-01-01,956,302,327,327
1252,Japan,27,14,17,58,2020-01-01,557,183,172,202
1251,People's Republic of China,38,32,18,88,2020-01-01,696,275,227,194
1250,United States,39,41,33,113,2020-01-01,2954,1171,951,832
1277,Serbia,3,1,5,9,2020-01-01,24,6,7,11
1278,Belgium,3,1,3,7,2020-01-01,172,47,59,66
1265,Republic of Korea,6,4,10,20,2020-01-01,357,127,116,114
1280,Slovenia,3,1,1,5,2020-01-01,45,10,14,21
1279,Bulgaria,3,1,2,6,2020-01-01,230,55,90,85
1309,Fiji,1,0,1,2,2020-01-01,3,2,0,1
1307,Tunisia,1,1,0,2,2020-01-01,15,5,3,7
1306,Portugal,1,1,2,4,2020-01-01,28,5,9,14
1305,Ethiopia,1,1,2,4,2020-01-01,58,23,12,23
1304,Indonesia,1,1,3,5,2020-01-01,37,8,14,15
1303,Egypt,1,1,4,6,2020-01-01,36,8,10,18
1302,Austria,1,1,5,7,2020-01-01,333,86,117,130
1300,Slovakia,1,2,1,4,2020-01-01,40,13,18,9
1299,Philippines,1,2,1,4,2020-01-01,14,1,5,8
1298,"Hong Kong, China",1,2,3,6,2020-01-01,9,2,3,4
1297,India,1,2,4,7,2020-01-01,35,10,9,16
1296,Venezuela,1,3,0,4,2020-01-01,19,3,7,9
1295,Romania,1,3,0,4,2020-01-01,309,90,97,122
1301,South Africa,1,2,0,3,2020-01-01,91,27,34,30
1293,Ukraine,1,6,12,19,2020-01-01,147,38,37,72
1294,Belarus,1,3,3,7,2020-01-01,103,21,35,47
1282,Georgia,2,5,1,8,2020-01-01,40,10,12,18
1283,Chinese Taipei,2,4,6,12,2020-01-01,36,7,11,18
1284,Türkiye,2,2,9,13,2020-01-01,103,41,26,36
1285,Greece,2,1,1,4,2020-01-01,122,36,45,41
1286,Uganda,2,1,1,4,2020-01-01,11,4,4,3
1281,Uzbekistan,3,0,2,5,2020-01-01,37,11,6,20
1288,Ireland,2,0,2,4,2020-01-01,38,11,11,16
1289,Israel,2,0,2,4,2020-01-01,13,3,1,9
1290,Qatar,2,0,1,3,2020-01-01,8,2,2,4
1291,Kosovo,2,0,0,2,2020-01-01,3,3,0,0
1292,The Bahamas,2,0,0,2,2020-01-01,16,8,2,6
1287,Ecuador,2,1,0,3,2020-01-01,5,3,2,0
1766,New Zealand,2,1,0,3,2022-01-01,143,55,35,53
1767,Australia,1,2,1,4,2022-01-01,560,168,177,215
1768,Great Britain,1,1,0,2,2022-01-01,958,303,328,327
1769,Hungary,1,0,2,3,2022-01-01,525,184,158,183
1770,Belgium,1,0,1,2,2022-01-01,174,48,59,67
1773,Belarus,0,2,0,2,2022-01-01,105,21,37,47
1772,Slovakia,1,0,1,2,2022-01-01,42,14,18,10
1774,Spain,0,1,0,1,2022-01-01,174,49,73,52
1775,Ukraine,0,1,0,1,2022-01-01,148,38,38,72
1776,Estonia,0,0,1,1,2022-01-01,44,14,11,19
1765,Finland,2,2,4,8,2022-01-01,485,149,151,185
1771,Czech Republic,1,0,1,2,2022-01-01,101,29,32,40
1764,Slovenia,2,3,2,7,2022-01-01,52,12,17,23
1777,Latvia,0,0,1,1,2022-01-01,31,5,14,12
1762,Italy,2,7,8,17,2022-01-01,769,263,236,270
1761,Japan,3,6,9,18,2022-01-01,575,186,178,211
1760,Canada,4,8,14,26,2022-01-01,547,146,181,220
1759,France,5,7,2,14,2022-01-01,910,272,298,340
1758,ROC,6,12,14,32,2022-01-01,120,28,46,46
1757,Switzerland,7,2,6,15,2022-01-01,377,118,131,128
1756,Austria,7,7,4,18,2022-01-01,351,93,124,134
1755,Netherlands,8,5,4,17,2022-01-01,476,151,155,170
1754,Sweden,8,5,5,18,2022-01-01,680,211,228,241
1753,United States,8,10,7,25,2022-01-01,2979,1179,961,839
1752,People's Republic of China,9,4,2,15,2022-01-01,711,284,231,196
1751,Germany,12,10,4,26,2022-01-01,1076,349,368,359
1750,Norway,16,8,13,37,2022-01-01,567,207,187,173
1763,Republic of Korea,2,5,2,9,2022-01-01,366,129,121,116
1778,Poland,0,0,1,1,2022-01-01,329,82,98,149
