,Country_Name,Country_Code,Year,Season,Population,GDP,GDP_Per_Capita,Y_Gold,Y_Silver,Y_Bronze,Y_Total,A_Gold,A_Silver,A_Bronze,A_Total,Y_Capita_Per_Medal,A_Capita_Per_Medal,Y_Capita_Per_GDP,A_Capita_Per_GDP,A_Score,Y_Score,Y_Score_Per_Capita,A_Score_Per_Capita
0,Argentina,ARG,1960,Summer,20349744.0,0.0,0.0,0.0,1.0,1.0,2.0,0.0,1.0,1.0,2.0,9.828133464479946e-08,9.828133464479946e-08,inf,inf,3.0,3.0,6783248.0,6783248.0
75,Armenia,ARM,1960,,1904148.0,0.0,0.0,0.0,0.0,0.0,0.0,0.0,0.0,0.0,0.0,0.0,0.0,,,0.0,0.0,inf,inf
76,Azerbaijan,AZE,1960,,3894500.0,0.0,0.0,0.0,0.0,0.0,0.0,0.0,0.0,0.0,0.0,0.0,0.0,,,0.0,0.0,inf,inf
70,Belarus,BLR,1960,,8198000.0,0.0,0.0,0.0,0.0,0.0,0.0,0.0,0.0,0.0,0.0,0.0,0.0,,,0.0,0.0,inf,inf
92,Brunei Darussalam,BRN,1960,,85346.0,0.0,0.0,0.0,0.0,0.0,0.0,0.0,0.0,0.0,0.0,0.0,0.0,,,0.0,0.0,inf,inf
60,Channel Islands,CHI,1960,,109186.0,0.0,0.0,0.0,0.0,0.0,0.0,0.0,0.0,0.0,0.0,0.0,0.0,,,0.0,0.0,inf,inf
38,Cuba,CUB,1960,,7267395.0,0.0,0.0,0.0,0.0,0.0,0.0,0.0,0.0,0.0,0.0,0.0,0.0,,,0.0,0.0,inf,inf
93,Cyprus,CYP,1960,,585725.0,0.0,0.0,0.0,0.0,0.0,0.0,0.0,0.0,0.0,0.0,0.0,0.0,,,0.0,0.0,inf,inf
78,Czechia,CZE,1960,,9602006.0,0.0,0.0,0.0,0.0,0.0,0.0,0.0,0.0,0.0,0.0,0.0,0.0,,,0.0,0.0,inf,inf
61,Djibouti,DJI,1960,,85940.0,0.0,0.0,0.0,0.0,0.0,0.0,0.0,0.0,0.0,0.0,0.0,0.0,,,0.0,0.0,inf,inf
56,"Egypt, Arab Rep.",EGY,1960,,27034499.0,0.0,0.0,0.0,0.0,0.0,0.0,0.0,0.0,0.0,0.0,0.0,0.0,,,0.0,0.0,inf,inf
87,Eritrea,ERI,1960,,993568.0,0.0,0.0,0.0,0.0,0.0,0.0,0.0,0.0,0.0,0.0,0.0,0.0,,,0.0,0.0,inf,inf
64,Estonia,EST,1960,,1211537.0,0.0,0.0,0.0,0.0,0.0,0.0,0.0,0.0,0.0,0.0,0.0,0.0,,,0.0,0.0,inf,inf
9,Ethiopia,ETH,1960,Summer,21739710.0,0.0,0.0,1.0,0.0,0.0,1.0,1.0,0.0,0.0,1.0,4.5998773672693884e-08,4.5998773672693884e-08,inf,inf,3.0,3.0,7246570.0,7246570.0
80,Georgia,GEO,1960,,3645600.0,0.0,0.0,0.0,0.0,0.0,0.0,0.0,0.0,0.0,0.0,0.0,0.0,,,0.0,0.0,inf,inf
16,Hungary,HUN,1960,Summer,9983967.0,0.0,0.0,6.0,8.0,7.0,21.0,6.0,8.0,7.0,21.0,2.1033723368676998e-06,2.1033723368676998e-06,inf,inf,41.0,41.0,243511.39024390245,243511.39024390245
96,Jordan,JOR,1960,,847936.0,0.0,0.0,0.0,0.0,0.0,0.0,0.0,0.0,0.0,0.0,0.0,0.0,,,0.0,0.0,inf,inf
71,Kazakhstan,KAZ,1960,,9319283.0,0.0,0.0,0.0,0.0,0.0,0.0,0.0,0.0,0.0,0.0,0.0,0.0,,,0.0,0.0,inf,inf
42,"Korea, Dem. People's Rep.",PRK,1960,,11655666.0,0.0,0.0,0.0,0.0,0.0,0.0,0.0,0.0,0.0,0.0,0.0,0.0,,,0.0,0.0,inf,inf
85,Kyrgyz Republic,KGZ,1960,,2172300.0,0.0,0.0,0.0,0.0,0.0,0.0,0.0,0.0,0.0,0.0,0.0,0.0,,,0.0,0.0,inf,inf
49,Lebanon,LBN,1960,,1798092.0,0.0,0.0,0.0,0.0,0.0,0.0,0.0,0.0,0.0,0.0,0.0,0.0,,,0.0,0.0,inf,inf
50,Liechtenstein,LIE,1960,,16472.0,0.0,0.0,0.0,0.0,0.0,0.0,0.0,0.0,0.0,0.0,0.0,0.0,,,0.0,0.0,inf,inf
66,Lithuania,LTU,1960,,2778550.0,0.0,0.0,0.0,0.0,0.0,0.0,0.0,0.0,0.0,0.0,0.0,0.0,,,0.0,0.0,inf,inf
82,Moldova,MDA,1960,,2074015.0,0.0,0.0,0.0,0.0,0.0,0.0,0.0,0.0,0.0,0.0,0.0,0.0,,,0.0,0.0,inf,inf
95,Montenegro,MNE,1960,,480579.0,0.0,0.0,0.0,0.0,0.0,0.0,0.0,0.0,0.0,0.0,0.0,0.0,,,0.0,0.0,inf,inf
83,Mozambique,MOZ,1960,,6788375.0,0.0,0.0,0.0,0.0,0.0,0.0,0.0,0.0,0.0,0.0,0.0,0.0,,,0.0,0.0,inf,inf
68,Namibia,NAM,1960,,590181.0,0.0,0.0,0.0,0.0,0.0,0.0,0.0,0.0,0.0,0.0,0.0,0.0,,,0.0,0.0,inf,inf
86,North Macedonia,MKD,1960,,1462368.0,0.0,0.0,0.0,0.0,0.0,0.0,0.0,0.0,0.0,0.0,0.0,0.0,,,0.0,0.0,inf,inf
28,Poland,POL,1960,Summer,29637450.0,0.0,0.0,4.0,6.0,11.0,21.0,4.0,6.0,11.0,21.0,7.085629836575009e-07,7.085629836575009e-07,inf,inf,35.0,35.0,846784.2857142857,846784.2857142857
29,Poland,POL,1960,Winter,29637450.0,0.0,0.0,0.0,1.0,1.0,2.0,4.0,7.0,12.0,23.0,6.748218891976199e-08,7.760451725772629e-07,inf,inf,38.0,3.0,9879150.0,779932.8947368421
69,Qatar,QAT,1960,,36385.0,0.0,0.0,0.0,0.0,0.0,0.0,0.0,0.0,0.0,0.0,0.0,0.0,,,0.0,0.0,inf,inf
30,Romania,ROU,1960,Summer,18406905.0,0.0,0.0,3.0,1.0,6.0,10.0,3.0,1.0,6.0,10.0,5.432743853461513e-07,5.432743853461513e-07,inf,inf,17.0,17.0,1082759.1176470588,1082759.1176470588
72,Russian Federation,RUS,1960,,119897000.0,0.0,0.0,0.0,0.0,0.0,0.0,0.0,0.0,0.0,0.0,0.0,0.0,,,0.0,0.0,inf,inf
97,San Marino,SMR,1960,,15556.0,0.0,0.0,0.0,0.0,0.0,0.0,0.0,0.0,0.0,0.0,0.0,0.0,,,0.0,0.0,inf,inf
90,Serbia,SRB,1960,,6608000.0,0.0,0.0,0.0,0.0,0.0,0.0,0.0,0.0,0.0,0.0,0.0,0.0,,,0.0,0.0,inf,inf
84,Slovak Republic,SVK,1960,,4068095.0,0.0,0.0,0.0,0.0,0.0,0.0,0.0,0.0,0.0,0.0,0.0,0.0,,,0.0,0.0,inf,inf
91,Tajikistan,TJK,1960,,2131992.0,0.0,0.0,0.0,0.0,0.0,0.0,0.0,0.0,0.0,0.0,0.0,0.0,,,0.0,0.0,inf,inf
44,Tunisia,TUN,1960,,4195467.0,0.0,0.0,0.0,0.0,0.0,0.0,0.0,0.0,0.0,0.0,0.0,0.0,,,0.0,0.0,inf,inf
98,Turkmenistan,TKM,1960,,1602052.0,0.0,0.0,0.0,0.0,0.0,0.0,0.0,0.0,0.0,0.0,0.0,0.0,,,0.0,0.0,inf,inf
73,Ukraine,UKR,1960,,42767251.0,0.0,0.0,0.0,0.0,0.0,0.0,0.0,0.0,0.0,0.0,0.0,0.0,,,0.0,0.0,inf,inf
74,Uzbekistan,UZB,1960,,8372311.0,0.0,0.0,0.0,0.0,0.0,0.0,0.0,0.0,0.0,0.0,0.0,0.0,,,0.0,0.0,inf,inf
172,Armenia,ARM,1964,,2171029.0,0.0,0.0,0.0,0.0,0.0,0.0,0.0,0.0,0.0,0.0,0.0,0.0,,,0.0,0.0,inf,inf
173,Azerbaijan,AZE,1964,,4439250.0,0.0,0.0,0.0,0.0,0.0,0.0,0.0,0.0,0.0,0.0,0.0,0.0,,,0.0,0.0,inf,inf
167,Belarus,BLR,1964,,8524224.0,0.0,0.0,0.0,0.0,0.0,0.0,0.0,0.0,0.0,0.0,0.0,0.0,,,0.0,0.0,inf,inf
189,Brunei Darussalam,BRN,1964,,102904.0,0.0,0.0,0.0,0.0,0.0,0.0,0.0,0.0,0.0,0.0,0.0,0.0,,,0.0,0.0,inf,inf
157,Channel Islands,CHI,1964,,113596.0,0.0,0.0,0.0,0.0,0.0,0.0,0.0,0.0,0.0,0.0,0.0,0.0,,,0.0,0.0,inf,inf
135,Cuba,CUB,1964,Summer,7902286.0,0.0,0.0,0.0,1.0,0.0,1.0,0.0,1.0,0.0,1.0,1.2654566033170656e-07,1.2654566033170656e-07,inf,inf,2.0,2.0,3951143.0,3951143.0
190,Cyprus,CYP,1964,,612338.0,0.0,0.0,0.0,0.0,0.0,0.0,0.0,0.0,0.0,0.0,0.0,0.0,,,0.0,0.0,inf,inf
175,Czechia,CZE,1964,,9727804.0,0.0,0.0,0.0,0.0,0.0,0.0,0.0,0.0,0.0,0.0,0.0,0.0,,,0.0,0.0,inf,inf
158,Djibouti,DJI,1964,,102945.0,0.0,0.0,0.0,0.0,0.0,0.0,0.0,0.0,0.0,0.0,0.0,0.0,,,0.0,0.0,inf,inf
153,"Egypt, Arab Rep.",EGY,1964,,30026648.0,0.0,0.0,0.0,0.0,0.0,0.0,0.0,0.0,0.0,0.0,0.0,0.0,,,0.0,0.0,inf,inf
184,Eritrea,ERI,1964,,1094042.0,0.0,0.0,0.0,0.0,0.0,0.0,0.0,0.0,0.0,0.0,0.0,0.0,,,0.0,0.0,inf,inf
161,Estonia,EST,1964,,1277086.0,0.0,0.0,0.0,0.0,0.0,0.0,0.0,0.0,0.0,0.0,0.0,0.0,,,0.0,0.0,inf,inf
107,Ethiopia,ETH,1964,Summer,24073696.0,0.0,0.0,1.0,0.0,0.0,1.0,2.0,0.0,0.0,2.0,4.1539113894268665e-08,8.307822778853733e-08,inf,inf,6.0,3.0,8024565.333333333,4012282.6666666665
177,Georgia,GEO,1964,,3870300.0,0.0,0.0,0.0,0.0,0.0,0.0,0.0,0.0,0.0,0.0,0.0,0.0,,,0.0,0.0,inf,inf
115,Hungary,HUN,1964,Summer,10119835.0,0.0,0.0,10.0,7.0,5.0,22.0,16.0,15.0,12.0,43.0,2.1739484882905698e-06,4.249081136204296e-06,inf,inf,90.0,49.0,206527.24489795917,112442.61111111111
193,Jordan,JOR,1964,,1029447.0,0.0,0.0,0.0,0.0,0.0,0.0,0.0,0.0,0.0,0.0,0.0,0.0,,,0.0,0.0,inf,inf
168,Kazakhstan,KAZ,1964,,10590934.0,0.0,0.0,0.0,0.0,0.0,0.0,0.0,0.0,0.0,0.0,0.0,0.0,,,0.0,0.0,inf,inf
139,"Korea, Dem. People's Rep.",PRK,1964,Winter,12787523.0,0.0,0.0,0.0,1.0,0.0,1.0,0.0,1.0,0.0,1.0,7.820122786875925e-08,7.820122786875925e-08,inf,inf,2.0,2.0,6393761.5,6393761.5
182,Kyrgyz Republic,KGZ,1964,,2495300.0,0.0,0.0,0.0,0.0,0.0,0.0,0.0,0.0,0.0,0.0,0.0,0.0,,,0.0,0.0,inf,inf
146,Lebanon,LBN,1964,,2030440.0,0.0,0.0,0.0,0.0,0.0,0.0,0.0,0.0,0.0,0.0,0.0,0.0,,,0.0,0.0,inf,inf
147,Liechtenstein,LIE,1964,,18058.0,0.0,0.0,0.0,0.0,0.0,0.0,0.0,0.0,0.0,0.0,0.0,0.0,,,0.0,0.0,inf,inf
163,Lithuania,LTU,1964,,2935200.0,0.0,0.0,0.0,0.0,0.0,0.0,0.0,0.0,0.0,0.0,0.0,0.0,,,0.0,0.0,inf,inf
179,Moldova,MDA,1964,,2264461.0,0.0,0.0,0.0,0.0,0.0,0.0,0.0,0.0,0.0,0.0,0.0,0.0,,,0.0,0.0,inf,inf
192,Montenegro,MNE,1964,,521753.0,0.0,0.0,0.0,0.0,0.0,0.0,0.0,0.0,0.0,0.0,0.0,0.0,,,0.0,0.0,inf,inf
180,Mozambique,MOZ,1964,,7363639.0,0.0,0.0,0.0,0.0,0.0,0.0,0.0,0.0,0.0,0.0,0.0,0.0,,,0.0,0.0,inf,inf
165,Namibia,NAM,1964,,642054.0,0.0,0.0,0.0,0.0,0.0,0.0,0.0,0.0,0.0,0.0,0.0,0.0,,,0.0,0.0,inf,inf
183,North Macedonia,MKD,1964,,1529507.0,0.0,0.0,0.0,0.0,0.0,0.0,0.0,0.0,0.0,0.0,0.0,0.0,,,0.0,0.0,inf,inf
126,Poland,POL,1964,Summer,31139450.0,0.0,0.0,7.0,6.0,10.0,23.0,11.0,13.0,22.0,46.0,7.386129170553751e-07,1.4772258341107501e-06,inf,inf,81.0,43.0,724173.2558139535,384437.65432098764
166,Qatar,QAT,1964,,57531.0,0.0,0.0,0.0,0.0,0.0,0.0,0.0,0.0,0.0,0.0,0.0,0.0,,,0.0,0.0,inf,inf
127,Romania,ROU,1964,Summer,18919126.0,0.0,0.0,2.0,4.0,6.0,12.0,5.0,5.0,12.0,22.0,6.342787716515022e-07,1.1628444146944208e-06,inf,inf,37.0,20.0,945956.3,511327.7297297297
169,Russian Federation,RUS,1964,,125345000.0,0.0,0.0,0.0,0.0,0.0,0.0,0.0,0.0,0.0,0.0,0.0,0.0,,,0.0,0.0,inf,inf
194,San Marino,SMR,1964,,16926.0,0.0,0.0,0.0,0.0,0.0,0.0,0.0,0.0,0.0,0.0,0.0,0.0,,,0.0,0.0,inf,inf
187,Serbia,SRB,1964,,6765000.0,0.0,0.0,0.0,0.0,0.0,0.0,0.0,0.0,0.0,0.0,0.0,0.0,,,0.0,0.0,inf,inf
181,Slovak Republic,SVK,1964,,4327341.0,0.0,0.0,0.0,0.0,0.0,0.0,0.0,0.0,0.0,0.0,0.0,0.0,,,0.0,0.0,inf,inf
188,Tajikistan,TJK,1964,,2452671.0,0.0,0.0,0.0,0.0,0.0,0.0,0.0,0.0,0.0,0.0,0.0,0.0,,,0.0,0.0,inf,inf
141,Tunisia,TUN,1964,Summer,4389417.0,0.0,0.0,0.0,1.0,1.0,2.0,0.0,1.0,1.0,2.0,4.5564137560865144e-07,4.5564137560865144e-07,inf,inf,3.0,3.0,1463139.0,1463139.0
195,Turkmenistan,TKM,1964,,1836621.0,0.0,0.0,0.0,0.0,0.0,0.0,0.0,0.0,0.0,0.0,0.0,0.0,,,0.0,0.0,inf,inf
170,Ukraine,UKR,1964,,44941406.0,0.0,0.0,0.0,0.0,0.0,0.0,0.0,0.0,0.0,0.0,0.0,0.0,,,0.0,0.0,inf,inf
171,Uzbekistan,UZB,1964,,9758147.0,0.0,0.0,0.0,0.0,0.0,0.0,0.0,0.0,0.0,0.0,0.0,0.0,,,0.0,0.0,inf,inf
271,Armenia,ARM,1968,,2416461.0,0.0,0.0,0.0,0.0,0.0,0.0,0.0,0.0,0.0,0.0,0.0,0.0,,,0.0,0.0,inf,inf
272,Azerbaijan,AZE,1968,,4948500.0,0.0,0.0,0.0,0.0,0.0,0.0,0.0,0.0,0.0,0.0,0.0,0.0,,,0.0,0.0,inf,inf
266,Belarus,BLR,1968,,8874552.0,0.0,0.0,0.0,0.0,0.0,0.0,0.0,0.0,0.0,0.0,0.0,0.0,,,0.0,0.0,inf,inf
256,Channel Islands,CHI,1968,,118707.0,0.0,0.0,0.0,0.0,0.0,0.0,0.0,0.0,0.0,0.0,0.0,0.0,,,0.0,0.0,inf,inf
234,Cuba,CUB,1968,Summer,8550286.0,0.0,0.0,0.0,4.0,0.0,4.0,0.0,5.0,0.0,5.0,4.678206085737951e-07,5.847757607172438e-07,inf,inf,10.0,8.0,1068785.75,855028.6
289,Cyprus,CYP,1968,,632452.0,0.0,0.0,0.0,0.0,0.0,0.0,0.0,0.0,0.0,0.0,0.0,0.0,,,0.0,0.0,inf,inf
274,Czechia,CZE,1968,,9876346.0,0.0,0.0,0.0,0.0,0.0,0.0,0.0,0.0,0.0,0.0,0.0,0.0,,,0.0,0.0,inf,inf
257,Djibouti,DJI,1968,,127668.0,0.0,0.0,0.0,0.0,0.0,0.0,0.0,0.0,0.0,0.0,0.0,0.0,,,0.0,0.0,inf,inf
283,Eritrea,ERI,1968,,1209602.0,0.0,0.0,0.0,0.0,0.0,0.0,0.0,0.0,0.0,0.0,0.0,0.0,,,0.0,0.0,inf,inf
260,Estonia,EST,1968,,1331214.0,0.0,0.0,0.0,0.0,0.0,0.0,0.0,0.0,0.0,0.0,0.0,0.0,,,0.0,0.0,inf,inf
205,Ethiopia,ETH,1968,Summer,26778653.0,0.0,0.0,1.0,1.0,0.0,2.0,3.0,1.0,0.0,4.0,7.468635558330735e-08,1.493727111666147e-07,inf,inf,11.0,5.0,5355730.6,2434423.0
276,Georgia,GEO,1968,,4042300.0,0.0,0.0,0.0,0.0,0.0,0.0,0.0,0.0,0.0,0.0,0.0,0.0,,,0.0,0.0,inf,inf
212,Hungary,HUN,1968,Summer,10255815.0,0.0,0.0,10.0,10.0,12.0,32.0,26.0,25.0,24.0,75.0,3.1201810875098663e-06,7.3129244238512496e-06,inf,inf,152.0,62.0,165416.37096774194,67472.46710526316
267,Kazakhstan,KAZ,1968,,11777849.0,0.0,0.0,0.0,0.0,0.0,0.0,0.0,0.0,0.0,0.0,0.0,0.0,,,0.0,0.0,inf,inf
238,"Korea, Dem. People's Rep.",PRK,1968,,14216305.0,0.0,0.0,0.0,0.0,0.0,0.0,0.0,1.0,0.0,1.0,0.0,7.034176602148026e-08,,inf,2.0,0.0,inf,7108152.5
281,Kyrgyz Republic,KGZ,1968,,2818300.0,0.0,0.0,0.0,0.0,0.0,0.0,0.0,0.0,0.0,0.0,0.0,0.0,,,0.0,0.0,inf,inf
245,Lebanon,LBN,1968,,2262291.0,0.0,0.0,0.0,0.0,0.0,0.0,0.0,0.0,0.0,0.0,0.0,0.0,,,0.0,0.0,inf,inf
246,Liechtenstein,LIE,1968,,20011.0,0.0,0.0,0.0,0.0,0.0,0.0,0.0,0.0,0.0,0.0,0.0,0.0,,,0.0,0.0,inf,inf
262,Lithuania,LTU,1968,,3078850.0,0.0,0.0,0.0,0.0,0.0,0.0,0.0,0.0,0.0,0.0,0.0,0.0,,,0.0,0.0,inf,inf
278,Moldova,MDA,1968,,2400264.0,0.0,0.0,0.0,0.0,0.0,0.0,0.0,0.0,0.0,0.0,0.0,0.0,,,0.0,0.0,inf,inf
291,Montenegro,MNE,1968,,517481.0,0.0,0.0,0.0,0.0,0.0,0.0,0.0,0.0,0.0,0.0,0.0,0.0,,,0.0,0.0,inf,inf
279,Mozambique,MOZ,1968,,8035529.0,0.0,0.0,0.0,0.0,0.0,0.0,0.0,0.0,0.0,0.0,0.0,0.0,,,0.0,0.0,inf,inf
264,Namibia,NAM,1968,,712427.0,0.0,0.0,0.0,0.0,0.0,0.0,0.0,0.0,0.0,0.0,0.0,0.0,,,0.0,0.0,inf,inf
282,North Macedonia,MKD,1968,,1610537.0,0.0,0.0,0.0,0.0,0.0,0.0,0.0,0.0,0.0,0.0,0.0,0.0,,,0.0,0.0,inf,inf
224,Poland,POL,1968,Summer,32294655.0,0.0,0.0,5.0,2.0,11.0,18.0,16.0,15.0,33.0,64.0,5.573677749460398e-07,1.9817520886970307e-06,inf,inf,111.0,30.0,1076488.5,290942.8378378378
265,Qatar,QAT,1968,,93022.0,0.0,0.0,0.0,0.0,0.0,0.0,0.0,0.0,0.0,0.0,0.0,0.0,,,0.0,0.0,inf,inf
225,Romania,ROU,1968,Summer,19799831.0,0.0,0.0,4.0,6.0,5.0,15.0,9.0,11.0,17.0,37.0,7.575822238078699e-07,1.868702818726079e-06,inf,inf,66.0,29.0,682752.7931034482,299997.4393939394
226,Romania,ROU,1968,Winter,19799831.0,0.0,0.0,0.0,0.0,1.0,1.0,9.0,11.0,18.0,38.0,5.050548158719132e-08,1.9192083003132703e-06,inf,inf,67.0,1.0,19799831.0,295519.8656716418
268,Russian Federation,RUS,1968,,128928000.0,0.0,0.0,0.0,0.0,0.0,0.0,0.0,0.0,0.0,0.0,0.0,0.0,,,0.0,0.0,inf,inf
293,San Marino,SMR,1968,,18291.0,0.0,0.0,0.0,0.0,0.0,0.0,0.0,0.0,0.0,0.0,0.0,0.0,,,0.0,0.0,inf,inf
286,Serbia,SRB,1968,,6915000.0,0.0,0.0,0.0,0.0,0.0,0.0,0.0,0.0,0.0,0.0,0.0,0.0,,,0.0,0.0,inf,inf
280,Slovak Republic,SVK,1968,,4483915.0,0.0,0.0,0.0,0.0,0.0,0.0,0.0,0.0,0.0,0.0,0.0,0.0,,,0.0,0.0,inf,inf
287,Tajikistan,TJK,1968,,2806566.0,0.0,0.0,0.0,0.0,0.0,0.0,0.0,0.0,0.0,0.0,0.0,0.0,,,0.0,0.0,inf,inf
294,Turkmenistan,TKM,1968,,2078581.0,0.0,0.0,0.0,0.0,0.0,0.0,0.0,0.0,0.0,0.0,0.0,0.0,,,0.0,0.0,inf,inf
269,Ukraine,UKR,1968,,46635196.0,0.0,0.0,0.0,0.0,0.0,0.0,0.0,0.0,0.0,0.0,0.0,0.0,,,0.0,0.0,inf,inf
270,Uzbekistan,UZB,1968,,11261600.0,0.0,0.0,0.0,0.0,0.0,0.0,0.0,0.0,0.0,0.0,0.0,0.0,,,0.0,0.0,inf,inf
372,Armenia,ARM,1972,,2648048.0,0.0,0.0,0.0,0.0,0.0,0.0,0.0,0.0,0.0,0.0,0.0,0.0,,,0.0,0.0,inf,inf
373,Azerbaijan,AZE,1972,,5391450.0,0.0,0.0,0.0,0.0,0.0,0.0,0.0,0.0,0.0,0.0,0.0,0.0,,,0.0,0.0,inf,inf
367,Belarus,BLR,1972,,9188968.0,0.0,0.0,0.0,0.0,0.0,0.0,0.0,0.0,0.0,0.0,0.0,0.0,,,0.0,0.0,inf,inf
357,Channel Islands,CHI,1972,,123348.0,0.0,0.0,0.0,0.0,0.0,0.0,0.0,0.0,0.0,0.0,0.0,0.0,,,0.0,0.0,inf,inf
390,Cyprus,CYP,1972,,647620.0,0.0,0.0,0.0,0.0,0.0,0.0,0.0,0.0,0.0,0.0,0.0,0.0,,,0.0,0.0,inf,inf
375,Czechia,CZE,1972,,9867632.0,0.0,0.0,0.0,0.0,0.0,0.0,0.0,0.0,0.0,0.0,0.0,0.0,,,0.0,0.0,inf,inf
358,Djibouti,DJI,1972,,165234.0,0.0,0.0,0.0,0.0,0.0,0.0,0.0,0.0,0.0,0.0,0.0,0.0,,,0.0,0.0,inf,inf
384,Eritrea,ERI,1972,,1340838.0,0.0,0.0,0.0,0.0,0.0,0.0,0.0,0.0,0.0,0.0,0.0,0.0,,,0.0,0.0,inf,inf
361,Estonia,EST,1972,,1392518.0,0.0,0.0,0.0,0.0,0.0,0.0,0.0,0.0,0.0,0.0,0.0,0.0,,,0.0,0.0,inf,inf
305,Ethiopia,ETH,1972,Summer,29891328.0,0.0,0.0,0.0,0.0,2.0,2.0,3.0,1.0,2.0,6.0,6.690903796579396e-08,2.0072711389738186e-07,inf,inf,13.0,2.0,14945664.0,2299332.923076923
377,Georgia,GEO,1972,,4205300.0,0.0,0.0,0.0,0.0,0.0,0.0,0.0,0.0,0.0,0.0,0.0,0.0,,,0.0,0.0,inf,inf
312,Hungary,HUN,1972,Summer,10398489.0,0.0,0.0,6.0,13.0,16.0,35.0,32.0,38.0,40.0,110.0,3.3658736379872116e-06,1.0578460005102665e-05,inf,inf,212.0,60.0,173308.15,49049.47641509434
362,Israel,ISR,1972,,3148000.0,0.0,0.0,0.0,0.0,0.0,0.0,0.0,0.0,0.0,0.0,0.0,0.0,,,0.0,0.0,inf,inf
368,Kazakhstan,KAZ,1972,,12611997.0,0.0,0.0,0.0,0.0,0.0,0.0,0.0,0.0,0.0,0.0,0.0,0.0,,,0.0,0.0,inf,inf
339,"Korea, Dem. People's Rep.",PRK,1972,Summer,15768363.0,0.0,0.0,1.0,1.0,3.0,5.0,1.0,2.0,3.0,6.0,3.170906199965082e-07,3.8050874399580984e-07,inf,inf,10.0,8.0,1971045.375,1576836.3
382,Kyrgyz Republic,KGZ,1972,,3088200.0,0.0,0.0,0.0,0.0,0.0,0.0,0.0,0.0,0.0,0.0,0.0,0.0,,,0.0,0.0,inf,inf
346,Lebanon,LBN,1972,Summer,2505965.0,0.0,0.0,0.0,1.0,0.0,1.0,0.0,1.0,0.0,1.0,3.9904787177793785e-07,3.9904787177793785e-07,inf,inf,2.0,2.0,1252982.5,1252982.5
363,Lithuania,LTU,1972,,3213622.0,0.0,0.0,0.0,0.0,0.0,0.0,0.0,0.0,0.0,0.0,0.0,0.0,,,0.0,0.0,inf,inf
379,Moldova,MDA,1972,,2509550.0,0.0,0.0,0.0,0.0,0.0,0.0,0.0,0.0,0.0,0.0,0.0,0.0,,,0.0,0.0,inf,inf
392,Montenegro,MNE,1972,,521785.0,0.0,0.0,0.0,0.0,0.0,0.0,0.0,0.0,0.0,0.0,0.0,0.0,,,0.0,0.0,inf,inf
380,Mozambique,MOZ,1972,,8860585.0,0.0,0.0,0.0,0.0,0.0,0.0,0.0,0.0,0.0,0.0,0.0,0.0,,,0.0,0.0,inf,inf
365,Namibia,NAM,1972,,800610.0,0.0,0.0,0.0,0.0,0.0,0.0,0.0,0.0,0.0,0.0,0.0,0.0,,,0.0,0.0,inf,inf
383,North Macedonia,MKD,1972,,1701498.0,0.0,0.0,0.0,0.0,0.0,0.0,0.0,0.0,0.0,0.0,0.0,0.0,,,0.0,0.0,inf,inf
325,Poland,POL,1972,Summer,33055650.0,0.0,0.0,7.0,5.0,9.0,21.0,23.0,20.0,42.0,85.0,6.352923025261944e-07,2.571421224510787e-06,inf,inf,151.0,40.0,826391.25,218911.5894039735
326,Poland,POL,1972,Winter,33055650.0,0.0,0.0,1.0,0.0,0.0,1.0,24.0,20.0,42.0,86.0,3.025201440600926e-08,2.6016732389167964e-06,inf,inf,154.0,3.0,11018550.0,214647.0779220779
327,Romania,ROU,1972,Summer,20657957.0,0.0,0.0,3.0,6.0,7.0,16.0,12.0,17.0,25.0,54.0,7.745199585806089e-07,2.6140048602095552e-06,inf,inf,95.0,28.0,737784.1785714285,217452.17894736843
369,Russian Federation,RUS,1972,,131909000.0,0.0,0.0,0.0,0.0,0.0,0.0,0.0,0.0,0.0,0.0,0.0,0.0,,,0.0,0.0,inf,inf
394,San Marino,SMR,1972,,18575.0,0.0,0.0,0.0,0.0,0.0,0.0,0.0,0.0,0.0,0.0,0.0,0.0,,,0.0,0.0,inf,inf
387,Serbia,SRB,1972,,7053000.0,0.0,0.0,0.0,0.0,0.0,0.0,0.0,0.0,0.0,0.0,0.0,0.0,,,0.0,0.0,inf,inf
381,Slovak Republic,SVK,1972,,4596622.0,0.0,0.0,0.0,0.0,0.0,0.0,0.0,0.0,0.0,0.0,0.0,0.0,,,0.0,0.0,inf,inf
388,Tajikistan,TJK,1972,,3180461.0,0.0,0.0,0.0,0.0,0.0,0.0,0.0,0.0,0.0,0.0,0.0,0.0,,,0.0,0.0,inf,inf
395,Turkmenistan,TKM,1972,,2328374.0,0.0,0.0,0.0,0.0,0.0,0.0,0.0,0.0,0.0,0.0,0.0,0.0,,,0.0,0.0,inf,inf
370,Ukraine,UKR,1972,,47974187.0,0.0,0.0,0.0,0.0,0.0,0.0,0.0,0.0,0.0,0.0,0.0,0.0,,,0.0,0.0,inf,inf
371,Uzbekistan,UZB,1972,,12733242.0,0.0,0.0,0.0,0.0,0.0,0.0,0.0,0.0,0.0,0.0,0.0,0.0,,,0.0,0.0,inf,inf
471,Armenia,ARM,1976,,2896311.0,0.0,0.0,0.0,0.0,0.0,0.0,0.0,0.0,0.0,0.0,0.0,0.0,,,0.0,0.0,inf,inf
472,Azerbaijan,AZE,1976,,5781000.0,0.0,0.0,0.0,0.0,0.0,0.0,0.0,0.0,0.0,0.0,0.0,0.0,,,0.0,0.0,inf,inf
466,Belarus,BLR,1976,,9411000.0,0.0,0.0,0.0,0.0,0.0,0.0,0.0,0.0,0.0,0.0,0.0,0.0,,,0.0,0.0,inf,inf
456,Channel Islands,CHI,1976,,127052.0,0.0,0.0,0.0,0.0,0.0,0.0,0.0,0.0,0.0,0.0,0.0,0.0,,,0.0,0.0,inf,inf
474,Czechia,CZE,1976,,10125939.0,0.0,0.0,0.0,0.0,0.0,0.0,0.0,0.0,0.0,0.0,0.0,0.0,,,0.0,0.0,inf,inf
457,Djibouti,DJI,1976,,229304.0,0.0,0.0,0.0,0.0,0.0,0.0,0.0,0.0,0.0,0.0,0.0,0.0,,,0.0,0.0,inf,inf
483,Eritrea,ERI,1976,,1489656.0,0.0,0.0,0.0,0.0,0.0,0.0,0.0,0.0,0.0,0.0,0.0,0.0,,,0.0,0.0,inf,inf
460,Estonia,EST,1976,,1439576.0,0.0,0.0,0.0,0.0,0.0,0.0,0.0,0.0,0.0,0.0,0.0,0.0,,,0.0,0.0,inf,inf
405,Ethiopia,ETH,1976,,33062216.0,0.0,0.0,0.0,0.0,0.0,0.0,3.0,1.0,2.0,6.0,0.0,1.8147603899266765e-07,,inf,13.0,0.0,inf,2543247.3846153845
476,Georgia,GEO,1976,,4342400.0,0.0,0.0,0.0,0.0,0.0,0.0,0.0,0.0,0.0,0.0,0.0,0.0,,,0.0,0.0,inf,inf
413,Hungary,HUN,1976,Summer,10598677.0,0.0,0.0,4.0,5.0,13.0,22.0,36.0,43.0,53.0,132.0,2.0757307728124936e-06,1.245438463687496e-05,inf,inf,247.0,35.0,302819.34285714285,42909.623481781375
461,Israel,ISR,1976,,3533000.0,0.0,0.0,0.0,0.0,0.0,0.0,0.0,0.0,0.0,0.0,0.0,0.0,,,0.0,0.0,inf,inf
467,Kazakhstan,KAZ,1976,,13346173.0,0.0,0.0,0.0,0.0,0.0,0.0,0.0,0.0,0.0,0.0,0.0,0.0,,,0.0,0.0,inf,inf
438,"Korea, Dem. People's Rep.",PRK,1976,Summer,16987170.0,0.0,0.0,1.0,1.0,0.0,2.0,2.0,3.0,3.0,8.0,1.1773591481100148e-07,4.7094365924400594e-07,inf,inf,15.0,5.0,3397434.0,1132478.0
481,Kyrgyz Republic,KGZ,1976,,3358700.0,0.0,0.0,0.0,0.0,0.0,0.0,0.0,0.0,0.0,0.0,0.0,0.0,,,0.0,0.0,inf,inf
445,Lebanon,LBN,1976,,3070419.0,0.0,0.0,0.0,0.0,0.0,0.0,0.0,1.0,0.0,1.0,0.0,3.256884483844062e-07,,inf,2.0,0.0,inf,1535209.5
462,Lithuania,LTU,1976,,3328664.0,0.0,0.0,0.0,0.0,0.0,0.0,0.0,0.0,0.0,0.0,0.0,0.0,,,0.0,0.0,inf,inf
478,Moldova,MDA,1976,,2618032.0,0.0,0.0,0.0,0.0,0.0,0.0,0.0,0.0,0.0,0.0,0.0,0.0,,,0.0,0.0,inf,inf
491,Montenegro,MNE,1976,,552562.0,0.0,0.0,0.0,0.0,0.0,0.0,0.0,0.0,0.0,0.0,0.0,0.0,,,0.0,0.0,inf,inf
479,Mozambique,MOZ,1976,,10019210.0,0.0,0.0,0.0,0.0,0.0,0.0,0.0,0.0,0.0,0.0,0.0,0.0,,,0.0,0.0,inf,inf
464,Namibia,NAM,1976,,901840.0,0.0,0.0,0.0,0.0,0.0,0.0,0.0,0.0,0.0,0.0,0.0,0.0,,,0.0,0.0,inf,inf
482,North Macedonia,MKD,1976,,1799332.0,0.0,0.0,0.0,0.0,0.0,0.0,0.0,0.0,0.0,0.0,0.0,0.0,,,0.0,0.0,inf,inf
425,Poland,POL,1976,Summer,34356300.0,0.0,0.0,7.0,6.0,13.0,26.0,31.0,26.0,55.0,112.0,7.567753221388799e-07,3.259955233829021e-06,inf,inf,200.0,46.0,746876.0869565217,171781.5
426,Romania,ROU,1976,Summer,21551634.0,0.0,0.0,4.0,9.0,14.0,27.0,16.0,26.0,39.0,81.0,1.2528052397326347e-06,3.758415719197904e-06,inf,inf,139.0,44.0,489809.86363636365,155047.72661870503
468,Russian Federation,RUS,1976,,135147000.0,0.0,0.0,0.0,0.0,0.0,0.0,0.0,0.0,0.0,0.0,0.0,0.0,,,0.0,0.0,inf,inf
493,San Marino,SMR,1976,,20160.0,0.0,0.0,0.0,0.0,0.0,0.0,0.0,0.0,0.0,0.0,0.0,0.0,,,0.0,0.0,inf,inf
486,Serbia,SRB,1976,,7214000.0,0.0,0.0,0.0,0.0,0.0,0.0,0.0,0.0,0.0,0.0,0.0,0.0,,,0.0,0.0,inf,inf
480,Slovak Republic,SVK,1976,,4789507.0,0.0,0.0,0.0,0.0,0.0,0.0,0.0,0.0,0.0,0.0,0.0,0.0,,,0.0,0.0,inf,inf
487,Tajikistan,TJK,1976,,3590606.0,0.0,0.0,0.0,0.0,0.0,0.0,0.0,0.0,0.0,0.0,0.0,0.0,,,0.0,0.0,inf,inf
494,Turkmenistan,TKM,1976,,2592280.0,0.0,0.0,0.0,0.0,0.0,0.0,0.0,0.0,0.0,0.0,0.0,0.0,,,0.0,0.0,inf,inf
469,Ukraine,UKR,1976,,49144535.0,0.0,0.0,0.0,0.0,0.0,0.0,0.0,0.0,0.0,0.0,0.0,0.0,,,0.0,0.0,inf,inf
470,Uzbekistan,UZB,1976,,14307397.0,0.0,0.0,0.0,0.0,0.0,0.0,0.0,0.0,0.0,0.0,0.0,0.0,,,0.0,0.0,inf,inf
568,Armenia,ARM,1980,,3135123.0,0.0,0.0,0.0,0.0,0.0,0.0,0.0,0.0,0.0,0.0,0.0,0.0,,,0.0,0.0,inf,inf
569,Azerbaijan,AZE,1980,,6160500.0,0.0,0.0,0.0,0.0,0.0,0.0,0.0,0.0,0.0,0.0,0.0,0.0,,,0.0,0.0,inf,inf
563,Belarus,BLR,1980,,9643000.0,0.0,0.0,0.0,0.0,0.0,0.0,0.0,0.0,0.0,0.0,0.0,0.0,,,0.0,0.0,inf,inf
553,Channel Islands,CHI,1980,,127984.0,0.0,0.0,0.0,0.0,0.0,0.0,0.0,0.0,0.0,0.0,0.0,0.0,,,0.0,0.0,inf,inf
571,Czechia,CZE,1980,,10304193.0,0.0,0.0,0.0,0.0,0.0,0.0,0.0,0.0,0.0,0.0,0.0,0.0,,,0.0,0.0,inf,inf
554,Djibouti,DJI,1980,,324121.0,0.0,0.0,0.0,0.0,0.0,0.0,0.0,0.0,0.0,0.0,0.0,0.0,,,0.0,0.0,inf,inf
580,Eritrea,ERI,1980,,1657982.0,0.0,0.0,0.0,0.0,0.0,0.0,0.0,0.0,0.0,0.0,0.0,0.0,,,0.0,0.0,inf,inf
557,Estonia,EST,1980,,1477219.0,0.0,0.0,0.0,0.0,0.0,0.0,0.0,0.0,0.0,0.0,0.0,0.0,,,0.0,0.0,inf,inf
503,Ethiopia,ETH,1980,Summer,34945469.0,0.0,0.0,2.0,0.0,2.0,4.0,5.0,1.0,4.0,10.0,1.1446405254998867e-07,2.8616013137497165e-07,inf,inf,21.0,8.0,4368183.625,1664069.9523809524
573,Georgia,GEO,1980,,4467700.0,0.0,0.0,0.0,0.0,0.0,0.0,0.0,0.0,0.0,0.0,0.0,0.0,,,0.0,0.0,inf,inf
511,Hungary,HUN,1980,Summer,10711122.0,0.0,0.0,7.0,10.0,15.0,32.0,43.0,53.0,68.0,164.0,2.987548830085214e-06,1.5311187754186723e-05,inf,inf,303.0,56.0,191270.0357142857,35350.237623762376
512,Hungary,HUN,1980,Winter,10711122.0,0.0,0.0,0.0,1.0,0.0,1.0,43.0,54.0,68.0,165.0,9.336090094016294e-08,1.5404548655126885e-05,inf,inf,305.0,2.0,5355561.0,35118.43278688525
558,Israel,ISR,1980,,3878000.0,0.0,0.0,0.0,0.0,0.0,0.0,0.0,0.0,0.0,0.0,0.0,0.0,,,0.0,0.0,inf,inf
564,Kazakhstan,KAZ,1980,,14172710.0,0.0,0.0,0.0,0.0,0.0,0.0,0.0,0.0,0.0,0.0,0.0,0.0,,,0.0,0.0,inf,inf
535,"Korea, Dem. People's Rep.",PRK,1980,Summer,17973650.0,0.0,0.0,0.0,3.0,2.0,5.0,2.0,6.0,5.0,13.0,2.781850097225661e-07,7.232810252786718e-07,inf,inf,23.0,8.0,2246706.25,781463.0434782609
578,Kyrgyz Republic,KGZ,1980,,3617400.0,0.0,0.0,0.0,0.0,0.0,0.0,0.0,0.0,0.0,0.0,0.0,0.0,,,0.0,0.0,inf,inf
542,Lebanon,LBN,1980,Summer,2963702.0,0.0,0.0,0.0,0.0,1.0,1.0,0.0,1.0,1.0,2.0,3.374158400540945e-07,6.74831680108189e-07,inf,inf,3.0,1.0,2963702.0,987900.6666666666
559,Lithuania,LTU,1980,,3413202.0,0.0,0.0,0.0,0.0,0.0,0.0,0.0,0.0,0.0,0.0,0.0,0.0,,,0.0,0.0,inf,inf
575,Moldova,MDA,1980,,2716068.0,0.0,0.0,0.0,0.0,0.0,0.0,0.0,0.0,0.0,0.0,0.0,0.0,,,0.0,0.0,inf,inf
588,Montenegro,MNE,1980,,572608.0,0.0,0.0,0.0,0.0,0.0,0.0,0.0,0.0,0.0,0.0,0.0,0.0,,,0.0,0.0,inf,inf
576,Mozambique,MOZ,1980,,11413587.0,0.0,0.0,0.0,0.0,0.0,0.0,0.0,0.0,0.0,0.0,0.0,0.0,,,0.0,0.0,inf,inf
579,North Macedonia,MKD,1980,,1907023.0,0.0,0.0,0.0,0.0,0.0,0.0,0.0,0.0,0.0,0.0,0.0,0.0,,,0.0,0.0,inf,inf
523,Poland,POL,1980,Summer,35574150.0,0.0,0.0,3.0,14.0,15.0,32.0,34.0,40.0,70.0,144.0,8.995295741430224e-07,4.047883083643601e-06,inf,inf,252.0,52.0,684118.2692307692,141167.2619047619
524,Romania,ROU,1980,Summer,22207282.0,0.0,0.0,6.0,6.0,13.0,25.0,22.0,32.0,52.0,106.0,1.1257568575929283e-06,4.773209076194016e-06,inf,inf,182.0,43.0,516448.4186046512,122018.03296703297
565,Russian Federation,RUS,1980,,139010000.0,0.0,0.0,0.0,0.0,0.0,0.0,0.0,0.0,0.0,0.0,0.0,0.0,,,0.0,0.0,inf,inf
590,San Marino,SMR,1980,,21346.0,0.0,0.0,0.0,0.0,0.0,0.0,0.0,0.0,0.0,0.0,0.0,0.0,,,0.0,0.0,inf,inf
583,Serbia,SRB,1980,,7362000.0,0.0,0.0,0.0,0.0,0.0,0.0,0.0,0.0,0.0,0.0,0.0,0.0,,,0.0,0.0,inf,inf
577,Slovak Republic,SVK,1980,,4979815.0,0.0,0.0,0.0,0.0,0.0,0.0,0.0,0.0,0.0,0.0,0.0,0.0,,,0.0,0.0,inf,inf
584,Tajikistan,TJK,1980,,4045965.0,0.0,0.0,0.0,0.0,0.0,0.0,0.0,0.0,0.0,0.0,0.0,0.0,,,0.0,0.0,inf,inf
591,Turkmenistan,TKM,1980,,2862903.0,0.0,0.0,0.0,0.0,0.0,0.0,0.0,0.0,0.0,0.0,0.0,0.0,,,0.0,0.0,inf,inf
566,Ukraine,UKR,1980,,49973920.0,0.0,0.0,0.0,0.0,0.0,0.0,0.0,0.0,0.0,0.0,0.0,0.0,,,0.0,0.0,inf,inf
567,Uzbekistan,UZB,1980,,15947129.0,0.0,0.0,0.0,0.0,0.0,0.0,0.0,0.0,0.0,0.0,0.0,0.0,,,0.0,0.0,inf,inf
681,Afghanistan,AFG,1984,,10243686.0,0.0,0.0,0.0,0.0,0.0,0.0,0.0,0.0,0.0,0.0,0.0,0.0,,,0.0,0.0,inf,inf
668,Armenia,ARM,1984,,3272102.0,0.0,0.0,0.0,0.0,0.0,0.0,0.0,0.0,0.0,0.0,0.0,0.0,,,0.0,0.0,inf,inf
669,Azerbaijan,AZE,1984,,6567850.0,0.0,0.0,0.0,0.0,0.0,0.0,0.0,0.0,0.0,0.0,0.0,0.0,,,0.0,0.0,inf,inf
663,Belarus,BLR,1984,,9910000.0,0.0,0.0,0.0,0.0,0.0,0.0,0.0,0.0,0.0,0.0,0.0,0.0,,,0.0,0.0,inf,inf
653,Channel Islands,CHI,1984,,132154.0,0.0,0.0,0.0,0.0,0.0,0.0,0.0,0.0,0.0,0.0,0.0,0.0,,,0.0,0.0,inf,inf
671,Czechia,CZE,1984,,10330213.0,0.0,0.0,0.0,0.0,0.0,0.0,0.0,0.0,0.0,0.0,0.0,0.0,,,0.0,0.0,inf,inf
654,Djibouti,DJI,1984,,382156.0,0.0,0.0,0.0,0.0,0.0,0.0,0.0,0.0,0.0,0.0,0.0,0.0,,,0.0,0.0,inf,inf
680,Eritrea,ERI,1984,,1849594.0,0.0,0.0,0.0,0.0,0.0,0.0,0.0,0.0,0.0,0.0,0.0,0.0,,,0.0,0.0,inf,inf
657,Estonia,EST,1984,,1518617.0,0.0,0.0,0.0,0.0,0.0,0.0,0.0,0.0,0.0,0.0,0.0,0.0,,,0.0,0.0,inf,inf
673,Georgia,GEO,1984,,4622200.0,0.0,0.0,0.0,0.0,0.0,0.0,0.0,0.0,0.0,0.0,0.0,0.0,,,0.0,0.0,inf,inf
609,Hungary,HUN,1984,,10668095.0,0.0,0.0,0.0,0.0,0.0,0.0,43.0,54.0,68.0,165.0,0.0,1.5466678915026534e-05,,inf,305.0,0.0,inf,34977.360655737706
658,Israel,ISR,1984,,4159000.0,0.0,0.0,0.0,0.0,0.0,0.0,0.0,0.0,0.0,0.0,0.0,0.0,,,0.0,0.0,inf,inf
664,Kazakhstan,KAZ,1984,,15147590.0,0.0,0.0,0.0,0.0,0.0,0.0,0.0,0.0,0.0,0.0,0.0,0.0,,,0.0,0.0,inf,inf
635,"Korea, Dem. People's Rep.",PRK,1984,,19045154.0,0.0,0.0,0.0,0.0,0.0,0.0,2.0,6.0,5.0,13.0,0.0,6.825883371696549e-07,,inf,23.0,0.0,inf,828050.1739130435
678,Kyrgyz Republic,KGZ,1984,,3916400.0,0.0,0.0,0.0,0.0,0.0,0.0,0.0,0.0,0.0,0.0,0.0,0.0,,,0.0,0.0,inf,inf
642,Lebanon,LBN,1984,,3163558.0,0.0,0.0,0.0,0.0,0.0,0.0,0.0,1.0,1.0,2.0,0.0,6.321995677019356e-07,,inf,3.0,0.0,inf,1054519.3333333333
659,Lithuania,LTU,1984,,3514205.0,0.0,0.0,0.0,0.0,0.0,0.0,0.0,0.0,0.0,0.0,0.0,0.0,,,0.0,0.0,inf,inf
675,Moldova,MDA,1984,,2819728.0,0.0,0.0,0.0,0.0,0.0,0.0,0.0,0.0,0.0,0.0,0.0,0.0,,,0.0,0.0,inf,inf
688,Montenegro,MNE,1984,,600884.0,0.0,0.0,0.0,0.0,0.0,0.0,0.0,0.0,0.0,0.0,0.0,0.0,,,0.0,0.0,inf,inf
676,Mozambique,MOZ,1984,,12426223.0,0.0,0.0,0.0,0.0,0.0,0.0,0.0,0.0,0.0,0.0,0.0,0.0,,,0.0,0.0,inf,inf
679,North Macedonia,MKD,1984,,1988682.0,0.0,0.0,0.0,0.0,0.0,0.0,0.0,0.0,0.0,0.0,0.0,0.0,,,0.0,0.0,inf,inf
622,Poland,POL,1984,,36904134.0,0.0,0.0,0.0,0.0,0.0,0.0,34.0,40.0,70.0,144.0,0.0,3.902001873286066e-06,,inf,252.0,0.0,inf,146444.97619047618
623,Romania,ROU,1984,Summer,22640547.0,0.0,0.0,20.0,16.0,17.0,53.0,42.0,48.0,69.0,159.0,2.3409328405360524e-06,7.022798521608157e-06,inf,inf,291.0,109.0,207711.44036697247,77802.56701030929
665,Russian Federation,RUS,1984,,142745000.0,0.0,0.0,0.0,0.0,0.0,0.0,0.0,0.0,0.0,0.0,0.0,0.0,,,0.0,0.0,inf,inf
690,San Marino,SMR,1984,,22096.0,0.0,0.0,0.0,0.0,0.0,0.0,0.0,0.0,0.0,0.0,0.0,0.0,,,0.0,0.0,inf,inf
683,Serbia,SRB,1984,,7489000.0,0.0,0.0,0.0,0.0,0.0,0.0,0.0,0.0,0.0,0.0,0.0,0.0,,,0.0,0.0,inf,inf
677,Slovak Republic,SVK,1984,,5127097.0,0.0,0.0,0.0,0.0,0.0,0.0,0.0,0.0,0.0,0.0,0.0,0.0,,,0.0,0.0,inf,inf
684,Tajikistan,TJK,1984,,4529501.0,0.0,0.0,0.0,0.0,0.0,0.0,0.0,0.0,0.0,0.0,0.0,0.0,,,0.0,0.0,inf,inf
691,Turkmenistan,TKM,1984,,3162165.0,0.0,0.0,0.0,0.0,0.0,0.0,0.0,0.0,0.0,0.0,0.0,0.0,,,0.0,0.0,inf,inf
666,Ukraine,UKR,1984,,50754000.0,0.0,0.0,0.0,0.0,0.0,0.0,0.0,0.0,0.0,0.0,0.0,0.0,,,0.0,0.0,inf,inf
667,Uzbekistan,UZB,1984,,17594364.0,0.0,0.0,0.0,0.0,0.0,0.0,0.0,0.0,0.0,0.0,0.0,0.0,,,0.0,0.0,inf,inf
780,Afghanistan,AFG,1988,,10383460.0,0.0,0.0,0.0,0.0,0.0,0.0,0.0,0.0,0.0,0.0,0.0,0.0,,,0.0,0.0,inf,inf
767,Armenia,ARM,1988,,3366838.0,0.0,0.0,0.0,0.0,0.0,0.0,0.0,0.0,0.0,0.0,0.0,0.0,,,0.0,0.0,inf,inf
768,Azerbaijan,AZE,1988,,6974600.0,0.0,0.0,0.0,0.0,0.0,0.0,0.0,0.0,0.0,0.0,0.0,0.0,,,0.0,0.0,inf,inf
762,Belarus,BLR,1988,,10140000.0,0.0,0.0,0.0,0.0,0.0,0.0,0.0,0.0,0.0,0.0,0.0,0.0,,,0.0,0.0,inf,inf
752,Channel Islands,CHI,1988,Summer,137765.0,0.0,0.0,0.0,1.0,0.0,1.0,0.0,1.0,0.0,1.0,7.258737705513011e-06,7.258737705513011e-06,inf,inf,2.0,2.0,68882.5,68882.5
770,Czechia,CZE,1988,,10355276.0,0.0,0.0,0.0,0.0,0.0,0.0,0.0,0.0,0.0,0.0,0.0,0.0,,,0.0,0.0,inf,inf
779,Eritrea,ERI,1988,,2051546.0,0.0,0.0,0.0,0.0,0.0,0.0,0.0,0.0,0.0,0.0,0.0,0.0,,,0.0,0.0,inf,inf
756,Estonia,EST,1988,,1561900.0,0.0,0.0,0.0,0.0,0.0,0.0,0.0,0.0,0.0,0.0,0.0,0.0,,,0.0,0.0,inf,inf
772,Georgia,GEO,1988,,4790700.0,0.0,0.0,0.0,0.0,0.0,0.0,0.0,0.0,0.0,0.0,0.0,0.0,,,0.0,0.0,inf,inf
708,Hungary,HUN,1988,Summer,10596487.0,0.0,0.0,11.0,6.0,6.0,23.0,54.0,60.0,74.0,188.0,2.170530667380614e-06,1.7741728933371974e-05,inf,inf,356.0,51.0,207774.25490196078,29765.412921348314
757,Israel,ISR,1988,,4442000.0,0.0,0.0,0.0,0.0,0.0,0.0,0.0,0.0,0.0,0.0,0.0,0.0,,,0.0,0.0,inf,inf
763,Kazakhstan,KAZ,1988,,16430590.0,0.0,0.0,0.0,0.0,0.0,0.0,0.0,0.0,0.0,0.0,0.0,0.0,,,0.0,0.0,inf,inf
734,"Korea, Dem. People's Rep.",PRK,1988,,20197464.0,0.0,0.0,0.0,0.0,0.0,0.0,2.0,6.0,5.0,13.0,0.0,6.436451625808072e-07,,inf,23.0,0.0,inf,878150.6086956522
777,Kyrgyz Republic,KGZ,1988,,4218400.0,0.0,0.0,0.0,0.0,0.0,0.0,0.0,0.0,0.0,0.0,0.0,0.0,,,0.0,0.0,inf,inf
758,Lithuania,LTU,1988,,3655049.0,0.0,0.0,0.0,0.0,0.0,0.0,0.0,0.0,0.0,0.0,0.0,0.0,,,0.0,0.0,inf,inf
774,Moldova,MDA,1988,,2931424.0,0.0,0.0,0.0,0.0,0.0,0.0,0.0,0.0,0.0,0.0,0.0,0.0,,,0.0,0.0,inf,inf
787,Montenegro,MNE,1988,,607413.0,0.0,0.0,0.0,0.0,0.0,0.0,0.0,0.0,0.0,0.0,0.0,0.0,,,0.0,0.0,inf,inf
775,Mozambique,MOZ,1988,,12956772.0,0.0,0.0,0.0,0.0,0.0,0.0,0.0,0.0,0.0,0.0,0.0,0.0,,,0.0,0.0,inf,inf
778,North Macedonia,MKD,1988,,2031932.0,0.0,0.0,0.0,0.0,0.0,0.0,0.0,0.0,0.0,0.0,0.0,0.0,,,0.0,0.0,inf,inf
721,Poland,POL,1988,Summer,37824487.0,0.0,0.0,2.0,5.0,9.0,16.0,36.0,45.0,79.0,160.0,4.2300639794533105e-07,4.23006397945331e-06,inf,inf,277.0,25.0,1512979.48,136550.49458483755
789,San Marino,SMR,1988,,22542.0,0.0,0.0,0.0,0.0,0.0,0.0,0.0,0.0,0.0,0.0,0.0,0.0,,,0.0,0.0,inf,inf
782,Serbia,SRB,1988,,7572000.0,0.0,0.0,0.0,0.0,0.0,0.0,0.0,0.0,0.0,0.0,0.0,0.0,,,0.0,0.0,inf,inf
776,Slovak Republic,SVK,1988,,5250596.0,0.0,0.0,0.0,0.0,0.0,0.0,0.0,0.0,0.0,0.0,0.0,0.0,,,0.0,0.0,inf,inf
783,Tajikistan,TJK,1988,,5100020.0,0.0,0.0,0.0,0.0,0.0,0.0,0.0,0.0,0.0,0.0,0.0,0.0,,,0.0,0.0,inf,inf
766,Uzbekistan,UZB,1988,,19600028.0,0.0,0.0,0.0,0.0,0.0,0.0,0.0,0.0,0.0,0.0,0.0,0.0,,,0.0,0.0,inf,inf
884,Afghanistan,AFG,1992,,12057433.0,0.0,0.0,0.0,0.0,0.0,0.0,0.0,0.0,0.0,0.0,0.0,0.0,,,0.0,0.0,inf,inf
856,Channel Islands,CHI,1992,,142011.0,0.0,0.0,0.0,0.0,0.0,0.0,0.0,1.0,0.0,1.0,0.0,7.041708036701382e-06,,inf,2.0,0.0,inf,71005.5
860,Estonia,EST,1992,Summer,1533091.0,0.0,0.0,1.0,0.0,1.0,2.0,1.0,0.0,1.0,2.0,1.3045540023390654e-06,1.3045540023390654e-06,inf,inf,4.0,4.0,383272.75,383272.75
861,Israel,ISR,1992,Summer,5123000.0,0.0,0.0,0.0,1.0,1.0,2.0,0.0,1.0,1.0,2.0,3.903962521959789e-07,3.903962521959789e-07,inf,inf,3.0,3.0,1707666.6666666667,1707666.6666666667
836,"Korea, Dem. People's Rep.",PRK,1992,Summer,21439991.0,0.0,0.0,4.0,0.0,5.0,9.0,6.0,6.0,10.0,22.0,4.1977629561504944e-07,1.0261198337256765e-06,inf,inf,40.0,17.0,1261175.9411764706,535999.775
837,"Korea, Dem. People's Rep.",PRK,1992,Winter,21439991.0,0.0,0.0,0.0,0.0,1.0,1.0,6.0,6.0,11.0,23.0,4.664181062389439e-08,1.0727616443495708e-06,inf,inf,41.0,1.0,21439991.0,522926.60975609755
862,Lithuania,LTU,1992,Summer,3700114.0,0.0,0.0,1.0,0.0,1.0,2.0,1.0,0.0,1.0,2.0,5.40523886561333e-07,5.40523886561333e-07,inf,inf,4.0,4.0,925028.5,925028.5
878,Moldova,MDA,1992,,2975621.0,0.0,0.0,0.0,0.0,0.0,0.0,0.0,0.0,0.0,0.0,0.0,0.0,,,0.0,0.0,inf,inf
891,Montenegro,MNE,1992,,608516.0,0.0,0.0,0.0,0.0,0.0,0.0,0.0,0.0,0.0,0.0,0.0,0.0,,,0.0,0.0,inf,inf
893,San Marino,SMR,1992,,23808.0,0.0,0.0,0.0,0.0,0.0,0.0,0.0,0.0,0.0,0.0,0.0,0.0,,,0.0,0.0,inf,inf
886,Serbia,SRB,1992,,7646424.0,0.0,0.0,0.0,0.0,0.0,0.0,0.0,0.0,0.0,0.0,0.0,0.0,,,0.0,0.0,inf,inf
974,Afghanistan,AFG,1994,,15455555.0,0.0,0.0,0.0,0.0,0.0,0.0,0.0,0.0,0.0,0.0,0.0,0.0,,,0.0,0.0,inf,inf
946,Channel Islands,CHI,1994,,142466.0,0.0,0.0,0.0,0.0,0.0,0.0,0.0,1.0,0.0,1.0,0.0,7.019218620583157e-06,,inf,2.0,0.0,inf,71233.0
950,Estonia,EST,1994,,1462514.0,0.0,0.0,0.0,0.0,0.0,0.0,1.0,0.0,1.0,2.0,0.0,1.3675082768438455e-06,,inf,4.0,0.0,inf,365628.5
951,Israel,ISR,1994,,5399000.0,0.0,0.0,0.0,0.0,0.0,0.0,0.0,1.0,1.0,2.0,0.0,3.704389701796629e-07,,inf,3.0,0.0,inf,1799666.6666666667
928,"Korea, Dem. People's Rep.",PRK,1994,,22105225.0,0.0,0.0,0.0,0.0,0.0,0.0,6.0,6.0,11.0,23.0,0.0,1.0404779865393815e-06,,inf,41.0,0.0,inf,539151.8292682926
952,Lithuania,LTU,1994,,3657144.0,0.0,0.0,0.0,0.0,0.0,0.0,1.0,0.0,1.0,2.0,0.0,5.468748291016159e-07,,inf,4.0,0.0,inf,914286.0
968,Moldova,MDA,1994,,2967585.0,0.0,0.0,0.0,0.0,0.0,0.0,0.0,0.0,0.0,0.0,0.0,0.0,,,0.0,0.0,inf,inf
981,Montenegro,MNE,1994,,611389.0,0.0,0.0,0.0,0.0,0.0,0.0,0.0,0.0,0.0,0.0,0.0,0.0,,,0.0,0.0,inf,inf
983,San Marino,SMR,1994,,24535.0,0.0,0.0,0.0,0.0,0.0,0.0,0.0,0.0,0.0,0.0,0.0,0.0,,,0.0,0.0,inf,inf
976,Serbia,SRB,1994,,7734639.0,0.0,0.0,0.0,0.0,0.0,0.0,0.0,0.0,0.0,0.0,0.0,0.0,,,0.0,0.0,inf,inf
1064,Afghanistan,AFG,1996,,17106595.0,0.0,0.0,0.0,0.0,0.0,0.0,0.0,0.0,0.0,0.0,0.0,0.0,,,0.0,0.0,inf,inf
1036,Channel Islands,CHI,1996,,142898.0,0.0,0.0,0.0,0.0,0.0,0.0,0.0,1.0,0.0,1.0,0.0,6.997998572408291e-06,,inf,2.0,0.0,inf,71449.0
1018,"Korea, Dem. People's Rep.",PRK,1996,Summer,22614347.0,0.0,0.0,2.0,1.0,2.0,5.0,8.0,7.0,13.0,28.0,2.210985795875512e-07,1.2381520456902868e-06,inf,inf,51.0,10.0,2261434.7,443418.56862745096
1071,Montenegro,MNE,1996,,611003.0,0.0,0.0,0.0,0.0,0.0,0.0,0.0,0.0,0.0,0.0,0.0,0.0,,,0.0,0.0,inf,inf
1073,San Marino,SMR,1996,,25235.0,0.0,0.0,0.0,0.0,0.0,0.0,0.0,0.0,0.0,0.0,0.0,0.0,,,0.0,0.0,inf,inf
1154,Afghanistan,AFG,1998,,18493132.0,0.0,0.0,0.0,0.0,0.0,0.0,0.0,0.0,0.0,0.0,0.0,0.0,,,0.0,0.0,inf,inf
1108,"Korea, Dem. People's Rep.",PRK,1998,,23023636.0,0.0,0.0,0.0,0.0,0.0,0.0,8.0,7.0,13.0,28.0,0.0,1.2161415338567722e-06,,inf,51.0,0.0,inf,451443.8431372549
1161,Montenegro,MNE,1998,,607662.0,0.0,0.0,0.0,0.0,0.0,0.0,0.0,0.0,0.0,0.0,0.0,0.0,,,0.0,0.0,inf,inf
1163,San Marino,SMR,1998,,25997.0,0.0,0.0,0.0,0.0,0.0,0.0,0.0,0.0,0.0,0.0,0.0,0.0,,,0.0,0.0,inf,inf
1244,Afghanistan,AFG,2000,,19542982.0,0.0,0.0,0.0,0.0,0.0,0.0,0.0,0.0,0.0,0.0,0.0,0.0,,,0.0,0.0,inf,inf
1198,"Korea, Dem. People's Rep.",PRK,2000,Summer,23367059.0,0.0,0.0,0.0,1.0,3.0,4.0,8.0,8.0,16.0,32.0,1.7118114864176958e-07,1.3694491891341567e-06,inf,inf,56.0,5.0,4673411.8,417268.91071428574
1288,"Korea, Dem. People's Rep.",PRK,2002,,23638411.0,0.0,0.0,0.0,0.0,0.0,0.0,8.0,8.0,16.0,32.0,0.0,1.3537288948906084e-06,,inf,56.0,0.0,inf,422114.48214285716
1378,"Korea, Dem. People's Rep.",PRK,2004,Summer,23948930.0,0.0,0.0,0.0,4.0,1.0,5.0,8.0,12.0,17.0,37.0,2.0877759465662976e-07,1.5449542004590602e-06,inf,inf,65.0,9.0,2660992.222222222,368445.07692307694
1468,"Korea, Dem. People's Rep.",PRK,2006,,24235761.0,0.0,0.0,0.0,0.0,0.0,0.0,8.0,12.0,17.0,37.0,0.0,1.5266696185030046e-06,,inf,65.0,0.0,inf,372857.8615384615
1576,Channel Islands,CHI,2008,Summer,154475.0,0.0,0.0,0.0,1.0,0.0,1.0,2.0,2.0,2.0,6.0,6.473539407671144e-06,3.8841236446026864e-05,inf,inf,12.0,2.0,77237.5,12872.916666666666
1558,"Korea, Dem. People's Rep.",PRK,2008,Summer,24469047.0,0.0,0.0,2.0,2.0,2.0,6.0,10.0,14.0,19.0,43.0,2.4520775165456997e-07,1.7573222201910847e-06,inf,inf,77.0,12.0,2039087.25,317779.83116883115
1666,Channel Islands,CHI,2010,,156933.0,0.0,0.0,0.0,0.0,0.0,0.0,2.0,2.0,2.0,6.0,0.0,3.823287645045975e-05,,inf,12.0,0.0,inf,13077.75
1648,"Korea, Dem. People's Rep.",PRK,2010,,24686435.0,0.0,0.0,0.0,0.0,0.0,0.0,10.0,14.0,19.0,43.0,0.0,1.7418472938680696e-06,,inf,77.0,0.0,inf,320603.05194805196
1756,Channel Islands,CHI,2012,,158621.0,0.0,0.0,0.0,0.0,0.0,0.0,2.0,2.0,2.0,6.0,0.0,3.78260129491051e-05,,inf,12.0,0.0,inf,13218.416666666666
1783,Eritrea,ERI,2012,,3252596.0,0.0,0.0,0.0,0.0,0.0,0.0,0.0,0.0,1.0,1.0,0.0,3.0744672870531725e-07,,inf,1.0,0.0,inf,3252596.0
1738,"Korea, Dem. People's Rep.",PRK,2012,Summer,24887770.0,0.0,0.0,4.0,0.0,3.0,7.0,14.0,14.0,22.0,50.0,2.8126264426262376e-07,2.00901888759017e-06,inf,inf,92.0,15.0,1659184.6666666667,270519.23913043475
1846,Channel Islands,CHI,2014,,160912.0,0.0,0.0,0.0,0.0,0.0,0.0,2.0,2.0,2.0,6.0,0.0,3.7287461469623145e-05,,inf,12.0,0.0,inf,13409.333333333334
1873,Eritrea,ERI,2014,,3323425.0,0.0,0.0,0.0,0.0,0.0,0.0,0.0,0.0,1.0,1.0,0.0,3.008944086296516e-07,,inf,1.0,0.0,inf,3323425.0
1828,"Korea, Dem. People's Rep.",PRK,2014,,25126131.0,0.0,0.0,0.0,0.0,0.0,0.0,14.0,14.0,22.0,50.0,0.0,1.989960173335083e-06,,inf,92.0,0.0,inf,273110.1195652174
1936,Channel Islands,CHI,2016,,163721.0,0.0,0.0,0.0,0.0,0.0,0.0,2.0,2.0,2.0,6.0,0.0,3.664771165580469e-05,,inf,12.0,0.0,inf,13643.416666666666
1963,Eritrea,ERI,2016,,3365287.0,0.0,0.0,0.0,0.0,0.0,0.0,0.0,0.0,1.0,1.0,0.0,2.9715147623367637e-07,,inf,1.0,0.0,inf,3365287.0
1918,"Korea, Dem. People's Rep.",PRK,2016,Summer,25389611.0,0.0,0.0,2.0,3.0,2.0,7.0,16.0,17.0,24.0,57.0,2.7570331818002254e-07,2.245012733751612e-06,inf,inf,106.0,14.0,1813543.642857143,239524.6320754717
1913,"Venezuela, RB",VEN,2016,Summer,30741464.0,0.0,0.0,0.0,2.0,1.0,3.0,2.0,4.0,8.0,14.0,9.758806542199813e-08,4.5541097196932455e-07,inf,inf,22.0,5.0,6148292.8,1397339.2727272727
2026,Channel Islands,CHI,2018,,167259.0,0.0,0.0,0.0,0.0,0.0,0.0,2.0,2.0,2.0,6.0,0.0,3.587250910264918e-05,,inf,12.0,0.0,inf,13938.25
2053,Eritrea,ERI,2018,,3445374.0,0.0,0.0,0.0,0.0,0.0,0.0,0.0,0.0,1.0,1.0,0.0,2.9024425214795257e-07,,inf,1.0,0.0,inf,3445374.0
2008,"Korea, Dem. People's Rep.",PRK,2018,,25638149.0,0.0,0.0,0.0,0.0,0.0,0.0,16.0,17.0,24.0,57.0,0.0,2.2232494241296438e-06,,inf,106.0,0.0,inf,241869.33018867925
2003,"Venezuela, RB",VEN,2018,,29825653.0,0.0,0.0,0.0,0.0,0.0,0.0,2.0,4.0,8.0,14.0,0.0,4.6939458458797195e-07,,inf,22.0,0.0,inf,1355711.5
2116,Channel Islands,CHI,2020,,171113.0,0.0,0.0,0.0,0.0,0.0,0.0,2.0,2.0,2.0,6.0,0.0,3.506454798875597e-05,,inf,12.0,0.0,inf,14259.416666666666
2143,Eritrea,ERI,2020,,3555868.0,0.0,0.0,0.0,0.0,0.0,0.0,0.0,0.0,1.0,1.0,0.0,2.8122528732787607e-07,,inf,1.0,0.0,inf,3555868.0
2098,"Korea, Dem. People's Rep.",PRK,2020,,25867467.0,0.0,0.0,0.0,0.0,0.0,0.0,16.0,17.0,24.0,57.0,0.0,2.2035400683027836e-06,,inf,106.0,0.0,inf,244032.70754716982
2154,Turkmenistan,TKM,2020,Summer,6250438.0,0.0,0.0,0.0,1.0,0.0,1.0,0.0,1.0,0.0,1.0,1.5998878798573797e-07,1.5998878798573797e-07,inf,inf,2.0,2.0,3125219.0,3125219.0
2093,"Venezuela, RB",VEN,2020,Summer,28490453.0,0.0,0.0,1.0,3.0,0.0,4.0,3.0,7.0,8.0,18.0,1.40397908029051e-07,6.317905861307295e-07,inf,inf,31.0,9.0,3165605.888888889,919046.8709677419
